,tweet_tokens_stemmed
0,"['lha', 'maruk', 'blt', 'kelian', 'orang']"
1,"['daftar', 'blt', 'bbm', 'online', 'hp', 'aplikasi', 'cek', 'bansos', 'cair', 'bantu', 'rp']"
2,"['daftar', 'blt', 'bbm', 'online', 'hp', 'aplikasi', 'cek', 'bansos', 'cair', 'bantu', 'rp']"
3,"['bukti', 'kadrun', 'tabiat', 'karakter', 'cundang', 'senang', 'rekayasa']"
4,"['siapsiap', 'blt', 'bbm', 'cair', 'november', 'lihat', 'nama', 'terima', 'mu']"
5,"['jadwal', 'cair', 'bsu', 'tahap', 'serta', 'cek', 'syarat', 'cair', 'terima', 'blt', 'rp']"
6,"['cair', 'bsu', 'tahap', 'cek', 'terima', 'blt', 'rp', 'akses']"
7,"['baca', 'berita', 'bener', 'drun', 'progam', 'blt', 'pro', 'rakyat', 'miskin']"
8,"['blt', 'masuk', 'daftar', 'gmn']"
9,"['blt', 'sasar']"
10,"['dicerot', 'terima', 'blt', 'bbm', 'warga', 'dawuhan', 'wetan', 'gruduk', 'kantor', 'balaidesa']"
11,"['terima', 'kasih', 'program', 'blt', 'blsm', 'perintah', 'ban']"
12,"['kinasih', 'kadrun', 'nikmat', 'bantu', 'sosial', 'blt', 'bpum', 'dll', 'pe']"
13,"['karan', 'nat', 'rim', 'kelas', 'keset', 'jokowi', 'loe', 'kere', 'kronis', 'jokowi', 'pintar', 'dn', 'kaya', 'dr', 'loe', 'el']"
14,"['blt', 'pkh']"
15,"['blt', 'bantu', 'masyarakat']"
16,"['blt', 'sasar', 'rakyat']"
17,"['ribu', 'kemudi', 'surabaya', 'blt', 'bbm', 'pemkot']"
18,"['main', 'pelosok', 'orang', 'kaya', 'raya', 'lihat', 'antri', 'blt']"
19,"['kpm', 'bengkulu', 'rasa', 'manfaat', 'blt', 'bbm']"
20,"['bansos', 'jaga', 'daya', 'beli', 'masyarakat', 'jambi', 'dukung', 'blt', 'bbm', 'sasar']"
21,"['bagi', 'blt', 'bbm', 'bsu', 'mudah', 'cepat', 'sasar', 'jambi', 'dukung', 'blt', 'bbm', 'sasar']"
22,"['ayo', 'bijak', 'manfaat', 'blt', 'bbm', 'jambi', 'dukung', 'blt', 'bbm', 'sasar']"
23,"['blt', 'bbm', 'dongkrak', 'daya', 'beli', 'masyarakat', 'jambi', 'dukung', 'blt', 'bbm', 'sasar']"
24,"['perintah', 'upaya', 'lindung', 'baik', 'masyarakat', 'jambi', 'dukung', 'blt', 'bbm', 'sasa']"
25,"['ekosistem', 'data', 'lindung', 'sosial', 'integrasi', 'jambi', 'dukung', 'blt', 'bbm', 'sasar']"
26,"['perintah', 'upaya', 'lindung', 'baik', 'masyarakat', 'jambi', 'dukung', 'blt', 'bbm', 'sasa']"
27,"['blt', 'bbm', 'cegah', 'ancam', 'inflasi']"
28,"['blt', 'bbm', 'cegah', 'ancam', 'inflasi']"
29,"['blt', 'bbm', 'cegah', 'ancam', 'inflasi']"
30,"['blt', 'bbm', 'cegah', 'ancam', 'inflasi']"
31,"['lha', 'maruk', 'blt', 'kelian', 'orang']"
32,['blt']
33,"['cek', 'terima', 'bsu', 'tahap', 'cair', 'kantor', 'pos', 'login', 'link', 'cair', 'blt', 'subsidi', 'gaji']"
34,"['puluh', 'warga', 'desa', 'dawuhan', 'wetan', 'lumajang', 'protes', 'anulir', 'terima', 'blt', 'bbm', 'verifikasi']"
35,"['blt', 'bom', 'turun']"
36,"['nyiar', 'blt']"
37,"['bohong', 'menteri', 'profesional', 'ngutang', 'blt', 'copras', 'capres']"
38,"['realisasi', 'blt', 'bbm', 'pemkot', 'gelontor', 'pengemudiangkot']"
39,"['langkah', 'perintah', 'blt', 'bsu']"
40,"['id', 'dumdum', 'junjung', 'lu', 'blt']"
41,"['jatim', 'jokowi', 'rajin', 'blusukan', 'duit', 'blt', 'nyampe', 'pd', 'bener', 'susah']"
42,"['apresiasi', 'salur', 'blt', 'bbm', 'tahap', 'ii']"
43,"['bpum', 'cair', 'cek', 'nama', 'dapat', 'blt', 'umkm', 'rp']"
44,"['bpum', 'cair', 'cek', 'nama', 'dapat', 'blt', 'umkm', 'rp']"
45,"['id', 'dumdum', 'negara', 'wajib', 'layan', 'layan']"
46,"['robin', 'dasar', 'nunafik', 'klau', 'udah', 'iri', 'dengk']"
47,"['naaaah', 'bukti', 'pasti', 'rakyat', 'tekan', 'naik', 'pahlaw']"
48,"['blt', 'bantu']"
49,"['blt', 'bantu']"
50,"['blt', 'bantu']"
51,"['blt', 'bantu']"
52,"['blt', 'bantu']"
53,"['blt', 'bantu']"
54,"['blt', 'bantu']"
55,"['blt', 'bantu']"
56,"['blt', 'bantu']"
57,"['blt', 'bantu']"
58,"['blt', 'bantu']"
59,"['blt', 'bantu']"
60,"['blt', 'bantu']"
61,"['blt', 'bantu']"
62,"['blt', 'bantu']"
63,"['blt', 'bantu']"
64,"['blt', 'bantu']"
65,"['blt', 'bantu']"
66,"['blt', 'bantu']"
67,"['blt', 'bantu']"
68,"['salur', 'bansos', 'blt', 'dampak', 'positif']"
69,"['beri', 'blt', 'perintah', 'dampak', 'thdp', 'putar', 'roda', 'ekonomi']"
70,"['beri', 'blt', 'perintah', 'dampak', 'thdp', 'putar', 'roda', 'ekonomi']"
71,"['apresiasi', 'salur', 'blt', 'bbm', 'tahap', 'ii']"
72,"['beri', 'blt', 'perintah', 'dampak', 'thdp', 'putar', 'roda', 'ekonomi']"
73,"['cuman', 'sodorka', 'bojonegoro', 'blora', 'dpt', 'harga', 'meter', 'negara', 'ri', 'adany']"
74,"['beri', 'blt', 'perintah', 'dampak', 'thdp', 'putar', 'roda', 'ekonomi']"
75,"['beri', 'blt', 'perintah', 'dampak', 'thdp', 'putar', 'roda', 'ekonomi']"
76,"['pemkot', 'surabaya', 'gerojok', 'blt', 'bbm', 'rp', 'kemudi']"
77,"['beri', 'blt', 'perintah', 'dampak', 'thdp', 'putar', 'roda', 'ekonomi']"
78,"['cair', 'rp', 'ribu', 'peroang', 'bulan']"
79,"['beri', 'blt', 'perintah', 'dampak', 'thdp', 'putar', 'roda', 'ekonomi']"
80,"['beri', 'blt', 'perintah', 'dampak', 'thdp', 'putar', 'roda', 'ekonomi']"
81,"['beri', 'blt', 'perintah', 'dampak', 'thdp', 'putar', 'roda', 'ekonomi']"
82,"['blt', 'bbm', 'bantal', 'sosial']"
83,"['prayoga', 'beri', 'blt', 'perintah', 'dampak', 'thdp', 'putar', 'roda', 'ekonomi']"
84,"['beri', 'blt', 'perintah', 'dampak', 'thdp', 'putar', 'roda', 'ekonomi']"
85,"['beri', 'blt', 'perintah', 'dampak', 'thdp', 'putar', 'roda', 'ekonomi']"
86,"['beri', 'blt', 'perintah', 'dampak', 'thdp', 'putar', 'roda', 'ekonomi']"
87,"['beri', 'blt', 'perintah', 'dampak', 'thdp', 'putar', 'roda', 'ekonomi']"
88,"['beri', 'blt', 'perintah', 'dampak', 'thdp', 'putar', 'roda', 'ekonomi']"
89,"['salur', 'blt', 'bbm', 'persen', 'dki', 'jakarta']"
90,"['masyarakat', 'apresiasi', 'blt', 'rakyat', 'dki', 'jakarta']"
91,"['alhamdulillah', 'blt', 'cair', 'dki', 'jakarta']"
92,"['dukung', 'program', 'perintah', 'cepat', 'salur', 'blt', 'wilayah', 'dki', 'jakarta']"
93,"['tangan', 'dampak', 'inflasi', 'pemkot', 'surabaya', 'gelontor', 'rp', 'miliar', 'blt', 'bbm', 'kemudi', 'perintah', 'kota', 'pemkot']"
94,"['mantap', 'blt', 'cair', 'moga', 'manfaat', 'warga', 'dki', 'jakarta']"
95,"['mari', 'dukung', 'kawal', 'salur', 'blt', 'wilayah', 'dki', 'jakarta', 'sasar']"
96,"['asyik', 'blt', 'cair', 'abangmpok', 'ojol', 'oktober', 'dki', 'jakarta']"
97,"['masyarakat', 'apresiasi', 'blt', 'rakyat', 'wilayah', 'dki', 'jakarta', 'sasar']"
98,"['dukung', 'bagi', 'blt', 'sasar', 'dki', 'jakarta']"
99,"['beri', 'blt', 'perintah', 'dampak', 'thdp', 'putar', 'roda', 'ekonomi']"
100,"['bagi', 'blt', 'mudah', 'sasar', 'dki', 'jakarta']"
101,"['beri', 'blt', 'perintah', 'dampak', 'thdp', 'putar', 'roda', 'ekonomi']"
102,"['babinsa', 'karangmojo', 'serma', 'suprapto', 'giat', 'riah', 'benih', 'padi', 'sumber', 'dana', 'blt', 'dd', 'apem', 'desa', 'karangmojo']"
103,"['masyarakat', 'kategori', 'blt', 'balita', 'cek', 'nama', 'terima', 'dapat', 'rp']"
104,"['masyarakat', 'kategori', 'blt', 'balita', 'cek', 'nama', 'terima', 'dapat', 'rp']"
105,"['beri', 'blt', 'perintah', 'dampak', 'thdp', 'putar', 'roda', 'ekonomi']"
106,"['moriya', 'rena', 'cover', 'majalah', 'blt', 'graph', 'vol', 'rilis', 'tanggal', 'oktober']"
107,"['ayo', 'bijak', 'manfaat', 'blt', 'bbm']"
108,"['manfaat', 'guna', 'blt', 'bbm', 'bijak']"
109,"['blt', 'bbm', 'dongkrak', 'daya', 'beli', 'masyarakat']"
110,"['beri', 'blt', 'perintah', 'dampak', 'thdp', 'putar', 'roda', 'ekonomi']"
111,"['beri', 'blt', 'perintah', 'dampak', 'thdp', 'putar', 'roda', 'ekonomi']"
112,"['beri', 'blt', 'perintah', 'dampak', 'thdp', 'putar', 'roda', 'ekonomi']"
113,"['beri', 'blt', 'perintah', 'dampak', 'thdp', 'putar', 'roda', 'ekonomi']"
114,"['beri', 'blt', 'perintah', 'dampak', 'thdp', 'putar', 'roda', 'ekonomi']"
115,"['beri', 'blt', 'perintah', 'dampak', 'thdp', 'putar', 'roda', 'ekonomi']"
116,"['beri', 'blt', 'perintah', 'dampak', 'thdp', 'putar', 'roda', 'ekonomi']"
117,"['beri', 'blt', 'perintah', 'dampak', 'thdp', 'putar', 'roda', 'ekonomi']"
118,"['beri', 'blt', 'perintah', 'dampak', 'thdp', 'putar', 'roda', 'ekonomi']"
119,"['kemudi', 'transportasi', 'halut', 'terima', 'blt', 'bbm', 'halmahera']"
120,"['kurang', 'dampak', 'inflasi', 'pemkot', 'kota', 'surabaya', 'serah', 'bantu', 'langsung', 'tunai', 'bahan', 'bakar', 'minyak', 'blt', 'bbm', 'kep']"
121,"['beri', 'blt', 'perintah', 'dampak', 'thdp', 'putar', 'roda', 'ekonomi']"
122,"['top', 'blt', 'subsidi', 'bbm', 'bukti', 'ampuh', 'kendali', 'laju', 'inflasi']"
123,"['gsp', 'mending', 'elo', 'sono', 'antri', 'blt', 'nge', 'bacot']"
124,"['gsp', 'elo', 'buzzerrp', 'mending', 'antri', 'blt', 'sono']"
125,"['cek', 'terima', 'blt', 'bbm', 'tahap', 'cair', 'login']"
126,"['cek', 'terima', 'blt', 'bbm', 'tahap', 'cair', 'login']"
127,"['pemkot', 'surabaya', 'bagi', 'blt', 'bbm', 'kemudi', 'angkut', 'tekan', 'inflasi']"
128,"['bsu', 'tahap', 'cair', 'simak', 'info', 'jadwal', 'cair', 'blt', 'subsidi', 'gaji', 'rp']"
129,"['bsu', 'tahap', 'cair', 'simak', 'info', 'jadwal', 'cair', 'blt', 'subsidi', 'gaji', 'rp']"
130,"['presiden', 'joko', 'widodo', 'tingkat', 'inflasi', 'ri', 'golong', 'rendah', 'kendali']"
131,"['remember', 'blt']"
132,"['mau', 'blt']"
133,"['blt', 'bbm', 'jaga', 'daya', 'beli', 'masyarakat']"
134,"['bantal', 'sosial', 'blt', 'subsidi', 'bbm', 'bukti', 'laju', 'inflasi', 'kendali']"
135,"['bagi', 'blt', 'mudah', 'sasar', 'dki', 'jakarta']"
136,"['dukung', 'kawal', 'salur', 'blt', 'dki', 'jakarta']"
137,"['blt', 'bbm', 'sanagat', 'manfaat', 'dki', 'jakarta']"
138,"['salur', 'blt', 'bbm', 'persen', 'dki', 'jakarta']"
139,"['masyarakat', 'apresiasi', 'blt', 'rakyat', 'dki', 'jakarta']"
140,"['masyarakat', 'apresiasi', 'blt', 'rakyat', 'dki', 'jakarta']"
141,"['hore', 'blt', 'cair', 'dki', 'jakarta']"
142,"['dukung', 'perintah', 'cepat', 'salur', 'blt', 'dki', 'jakarta']"
143,"['mantap', 'blt', 'cair', 'moga', 'manfaat', 'dki', 'jakarta']"
144,"['blt', 'bbm', 'sanagat', 'manfaat', 'dki', 'jakarta']"
145,"['salur', 'blt', 'bbm', 'persen', 'dki', 'jakarta']"
146,"['dukung', 'kawal', 'salur', 'blt', 'dki', 'jakarta']"
147,"['asyik', 'blt', 'cair', 'ojol', 'oktober', 'dki', 'jakarta']"
148,"['masyarakat', 'apresiasi', 'blt', 'rakyat', 'dki', 'jakarta']"
149,"['bagi', 'blt', 'mudah', 'sasar', 'dki', 'jakarta']"
150,"['dukung', 'blt', 'sasar', 'dki', 'jakarta']"
151,"['blt', 'bantu', 'ekonomi', 'masyarakat', 'dki', 'jakarta', 'indonesia']"
152,"['salur', 'blt', 'bbm', 'persen', 'dki', 'jakarta']"
153,"['dukung', 'kawal', 'salur', 'blt', 'dki', 'jakarta']"
154,"['masyarakat', 'apresiasi', 'blt', 'perintah', 'dki', 'jakarta']"
155,"['bagi', 'blt', 'mudah', 'sasar', 'dki', 'jakarta']"
156,"['dukung', 'blt', 'sasar', 'dki', 'jakarta']"
157,"['prayoga', 'blt', 'subsidi', 'bbm', 'bukti', 'jaga', 'inflasi', 'jaga']"
158,"['naik', 'harga', 'bbm', 'subsidi', 'akibat', 'sesuai', 'harga', 'pasca', 'alih', 'anggar', 'subsidi', 'wujud', 'da']"
159,"['bal', 'tbn', 'tl', 'jatim', 'pct', 'mgtn', 'bjn', 'grk', 'sb', 'sda', 'lmj', 'bwi', 'mla', 'tla', 'trg', 'blt', 'mlg', 'jateng', 'yk', 'kndl', 'smg', 'kltn', 'wngr', 'sumsel', 'lmp', 'ntb']"
160,"['blt', 'subsidi', 'bbm', 'ampuh', 'kendali', 'inflasi']"
161,"['gapapa', 'lahh', 'beli', 'pertamina', 'kek', 'vivo', 'kek', 'bijak', 'perintah', 'alih', 'subsidi', 'bb']"
162,"['ayo', 'manfaat', 'guna', 'blt', 'bbm', 'bijak']"
163,"['perhati', 'terima', 'blt', 'bbm', 'jambi']"
164,"['mari', 'bijak', 'manfaat', 'blt', 'bbm', 'suara', 'bal']"
165,"['blt', 'bbm', 'dongkrak', 'daya', 'beli', 'masyarakat', 'jambi']"
166,"['pohan', 'uang', 'blt']"
167,"['guna', 'blt', 'bijak']"
168,"['masyarakat', 'bantu', 'blt']"
169,"['bijak', 'manfaat', 'blt', 'bbm', 'jambi']"
170,"['blt', 'bantu', 'masyarakat']"
171,"['bagi', 'blt', 'bbm', 'bsu', 'mudah', 'cepat', 'sasar', 'jambi']"
172,"['salur', 'blt', 'sasar']"
173,"['blt', 'manfaat', 'masyarakat']"
174,"['alihsubsidi', 'bbm', 'sektor', 'produktif', 'blt', 'bsu', 'suara', 'bal']"
175,"['mari', 'bijak', 'manfaat', 'blt']"
176,"['presiden', 'joko', 'widodo', 'arah', 'kendali', 'inflasi', 'subsidi', 'naik', 'tarif', 'tra']"
177,"['perintah', 'wujud', 'alokasi', 'subsidi', 'sasar', 'salur', 'blt', 'bbm']"
178,"['perintah', 'wujud', 'alokasi', 'subsidi', 'sasar', 'salur', 'blt', 'bbm']"
179,"['perintah', 'wujud', 'alokasi', 'subsidi', 'sasar', 'salur', 'blt', 'bbm']"
180,"['perintah', 'upaya', 'baik', 'lindung', 'masyarakat', 'daerah', 'istimewa', 'yogyakarta', 'blt', 'bbm']"
181,"['perintah', 'wujud', 'alokasi', 'subsidi', 'sasar', 'salur', 'blt', 'bbm']"
182,"['perintah', 'wujud', 'alokasi', 'subsidi', 'sasar', 'salur', 'blt', 'bbm']"
183,"['heuhwuhwuhwu', 'silah', 'ambil', 'blt', 'mu', 'dpn', 'kantor', 'pos', 'bsk', 'sampe', 'tinggal']"
184,"['bansos', 'jaga', 'masyarakat', 'daerah', 'istimewa', 'yogyakarta', 'blt', 'bbm', 'yogyakarta']"
185,"['blt', 'bbm', 'dongkrak', 'daya', 'beli', 'masyarakat', 'daerah', 'istimewa', 'yogyakarta', 'blt', 'bbm', 'yogyakarta']"
186,"['masyarakat', 'bijak', 'manfaat', 'bltbbm', 'daerah', 'istimewa', 'yogyakarta', 'blt', 'bbm', 'yogyakarta']"
187,"['ayo', 'bijak', 'manfaat', 'bltbbm', 'daerah', 'istimewa', 'yogyakarta', 'blt', 'bbm', 'yogyakarta']"
188,"['dukung', 'penuh', 'salur', 'blt', 'bbm']"
189,"['catat', 'ribu', 'kemudi', 'surabaya', 'jatah', 'blt', 'bbm', 'total', 'nila', 'rp', 'miliar']"
190,"['bantu', 'langsung', 'tunai', 'blt', 'bbm', 'jaga', 'daya', 'beli', 'masyarakat', 'antasipasi', 'dampak']"
191,"['perintah', 'upaya', 'blt', 'sasar']"
192,"['bagi', 'blt', 'bbm', 'bsu', 'mudah', 'cepat', 'sasar']"
193,"['lugo', 'ambil', 'contoh', 'pandemic', 'blt', 'subsidi', 'upah']"
194,"['ojolnya', 'nerima', 'blt', 'bbm', 'beli', 'yakkk', 'wekekekek']"
195,"['tanjung', 'menteri', 'status', 'nkri', 'eh', 'tangkap', 'kpk', 'ambil', 'jatah', 'blt', 'rakyat', 'miskin']"
196,"['sekretaris', 'kota', 'administrasi', 'jakarta', 'timur', 'fredy', 'setiawan', 'pimpin', 'rapat', 'koordinasi', 'kait', 'maksimal', 'penyalu']"
197,"['radikalisme', 'nyata', 'doktor', 'kait', 'harga', 'harga', 'rakyat', 'cerdas', 'dampak', 'krisis', 'global', 'berte']"
198,"['masyarakat', 'jawa', 'timur', 'syukur', 'salur', 'blt', 'bbm', 'jawa', 'timur', 'jalan']"
199,"['terima', 'kasih', 'warga', 'jawa', 'timur', 'senang', 'blt', 'bbm', 'diber']"
200,"['subsidi', 'jawa', 'timur', 'jalan', 'sasar', 'berkat', 'blt']"
201,"['masyarakat', 'jawa', 'timur', 'apresiasi', 'dukung', 'komitmen', 'perintah', 'pasti', 'dana', 'blt', 'mantap']"
202,"['ayoo', 'gaess', 'masyarakat', 'lampung', 'dukung', 'bijak', 'perintah', 'perihal', 'blt', 'bbm']"
203,"['masyarakat', 'lampung', 'dukung', 'penuh', 'bijak', 'perintah', 'blt', 'bbm']"
204,"['lampung', 'apresiasi', 'bijak', 'perintah', 'blt', 'bbm']"
205,"['masyarakat', 'lampung', 'dukung', 'bijak', 'blt', 'bbm']"
206,"['terimakasih', 'jokowi', 'blt', 'bbm', 'bantu', 'masyarakat', 'jawa', 'timur', 'terima', 'ka']"
207,"['penyeluran', 'blt', 'bbm', 'mudah', 'masyarakat', 'butuh', 'masyarakat', 'lampung', 'dukung', 'blt']"
208,"['ayoo', 'gaess', 'masyarakat', 'lampung', 'dukung', 'bijak', 'perintah', 'perihal', 'blt', 'bbm']"
209,"['mantap', 'program', 'blt', 'rasa', 'masyarakat', 'jawa', 'timur']"
210,"['masyarakat', 'lampung', 'dukung', 'penuh', 'bijak', 'perintah', 'blt', 'bbm']"
211,"['lampung', 'apresiasi', 'bijak', 'perintah', 'blt', 'bbm']"
212,"['masyarakat', 'lampung', 'dukung', 'bijak', 'blt', 'bbm']"
213,"['masyarakat', 'jawa', 'timur', 'apresiasi', 'dukung', 'komitmen', 'perintah', 'pasti', 'dana', 'blt', 'mantap', 'tep']"
214,"['penyeluran', 'blt', 'bbm', 'mudah', 'masyarakat', 'butuh', 'masyarakat', 'lampung', 'dukung', 'blt']"
215,"['ayoo', 'gaess', 'masyarakat', 'lampung', 'dukung', 'bijak', 'perintah', 'perihal', 'blt', 'bbm']"
216,"['masyarakat', 'lampung', 'dukung', 'penuh', 'bijak', 'perintah', 'blt', 'bbm']"
217,"['blt', 'bukti', 'tahan', 'inflasi', 'jaga', 'daya', 'beli', 'kelompok', 'rentan']"
218,"['lampung', 'apresiasi', 'bijak', 'perintah', 'blt', 'bbm']"
219,"['masyarakat', 'lampung', 'dukung', 'bijak', 'blt', 'bbm']"
220,"['penyeluran', 'blt', 'bbm', 'mudah', 'masyarakat', 'butuh', 'masyarakat', 'lampung', 'dukung', 'blt']"
221,"['ayoo', 'gaess', 'masyarakat', 'lampung', 'dukung', 'bijak', 'perintah', 'perihal', 'blt', 'bbm']"
222,"['masyarakat', 'lampung', 'dukung', 'penuh', 'bijak', 'perintah', 'blt', 'bbm']"
223,"['lampung', 'apresiasi', 'bijak', 'perintah', 'blt', 'bbm']"
224,"['masyarakat', 'lampung', 'dukung', 'bijak', 'blt', 'bbm']"
225,"['penyeluran', 'blt', 'bbm', 'mudah', 'masyarakat', 'butuh', 'masyarakat', 'lampung', 'dukung', 'blt']"
226,"['ayoo', 'gaess', 'masyarakat', 'lampung', 'dukung', 'bijak', 'perintah', 'perihal', 'blt', 'bbm']"
227,"['masyarakat', 'lampung', 'dukung', 'penuh', 'bijak', 'perintah', 'blt', 'bbm']"
228,"['lampung', 'apresiasi', 'bijak', 'perintah', 'blt', 'bbm']"
229,"['masyarakat', 'lampung', 'dukung', 'bijak', 'blt', 'bbm']"
230,"['penyeluran', 'blt', 'bbm', 'mudah', 'masyarakat', 'butuh', 'masyarakat', 'lampung', 'dukung', 'blt']"
231,"['ayoo', 'gaess', 'masyarakat', 'lampung', 'dukung', 'bijak', 'perintah', 'perihal', 'blt', 'bbm']"
232,"['masyarakat', 'lampung', 'dukung', 'penuh', 'bijak', 'perintah', 'blt', 'bbm']"
233,"['lampung', 'apresiasi', 'bijak', 'perintah', 'blt', 'bbm']"
234,"['masyarakat', 'lampung', 'dukung', 'bijak', 'blt', 'bbm']"
235,"['mahasiswa', 'wakil', 'rakyat', 'jawa', 'timur', 'dukung', 'salur', 'bansos', 'blt']"
236,"['penyeluran', 'blt', 'bbm', 'mudah', 'masyarakat', 'butuh', 'masyarakat', 'lampung', 'dukung', 'blt']"
237,"['ayoo', 'gaess', 'masyarakat', 'lampung', 'dukung', 'bijak', 'perintah', 'perihal', 'blt', 'bbm']"
238,"['masyarakat', 'lampung', 'dukung', 'penuh', 'bijak', 'perintah', 'blt', 'bbm']"
239,"['lampung', 'apresiasi', 'bijak', 'perintah', 'blt', 'bbm']"
240,"['masyarakat', 'lampung', 'dukung', 'bijak', 'blt', 'bbm']"
241,"['eri', 'cahyadi', 'atas', 'dampak', 'inflasi', 'gelontor', 'rp', 'blt', 'bbm', 'mud']"
242,"['penyeluran', 'blt', 'bbm', 'mudah', 'masyarakat', 'butuh', 'masyarakat', 'lampung', 'dukung', 'blt']"
243,"['presiden', 'serah', 'bsu', 'blt', 'bbm', 'kota', 'bandung', 'oktober']"
244,"['blt', 'bantu', 'masyarakat', 'jawa', 'timur']"
245,"['mahasiswa', 'wakil', 'rakyat', 'jawa', 'timur', 'dukung', 'salur', 'bansos', 'blt']"
246,"['manfaat', 'guna', 'blt', 'bbm', 'bijak']"
247,"['sesuai', 'harga', 'bbm', 'dampak', 'signifikan', 'inflasi', 'kendali', 'inflasi']"
248,"['blt', 'emang', 'duit', 'nenek', 'lu']"
249,"['trimakasih', 'blt', 'jokowi', 'masyarakat', 'jawa', 'timur', 'bantu']"
250,"['daftar', 'bansos', 'online', 'cair', 'blt', 'balita', 'hamil', 'tahap']"
251,"['daftar', 'bansos', 'online', 'cair', 'blt', 'balita', 'hamil', 'tahap']"
252,"['mi', 'ayam', 'blt', 'enak']"
253,"['blt', 'cuan', 'lg']"
254,"['blt', 'bbm', 'dongkrak', 'daya', 'beli', 'masyarakat', 'kalimantan']"
255,"['manfaat', 'guna', 'blt', 'bbm', 'bijak', 'kalimantan']"
256,"['ayo', 'bijak', 'manfaat', 'blt', 'bbm', 'kalimantan']"
257,"['blt', 'bbm', 'dongkrak', 'daya', 'beli', 'masyarakat', 'kalimantan']"
258,"['blt', 'bbm', 'dongkrak', 'daya', 'beli', 'masyarakat', 'pulau', 'riau', 'dukung', 'blt', 'bbm']"
259,"['manfaat', 'guna', 'blt', 'bbm', 'bijak', 'kalimantan']"
260,"['ayo', 'bijak', 'manfaat', 'blt', 'bbm', 'kalimantan']"
261,"['manfaat', 'blt', 'bbm', 'bijak', 'pulau', 'riau', 'dukung', 'blt', 'bbm']"
262,"['perintah', 'usaha', 'kendali', 'inflasi', 'akibat', 'sesuai', 'harga', 'bbm', 'harga', 'barangbarang', 'pasar', 'alam']"
263,"['bijak', 'manfaat', 'blt', 'bbm', 'pulau', 'riau', 'dukung', 'blt', 'bbm']"
264,"['kabar', 'gembira', 'blt', 'bbm', 'tahap', 'cair']"
265,"['pasca', 'sesuai', 'harga', 'bbm', 'perintah', 'milik', 'strategi', 'jitu', 'buruk', 'inflasi', 'parah']"
266,"['kabar', 'gembira', 'blt', 'bbm', 'tahap', 'cair']"
267,"['kabar', 'gembira', 'blt', 'bbm', 'tahap', 'cair']"
268,"['kabar', 'gembira', 'blt', 'bbm', 'tahap', 'cair']"
269,"['kabar', 'gembira', 'blt', 'bbm', 'tahap', 'cair']"
270,"['perintah', 'blt', 'bbm', 'warga', 'jambi']"
271,"['bantal', 'sosial', 'subsidi', 'blt', 'bbm', 'jaga', 'tingkat', 'laju', 'inflasi', 'laju', 'inflasi']"
272,"['sesuai', 'harga', 'bbm', 'dampak', 'pd', 'inflasi', 'langkah', 'kendali', 'inflasi', 'pasca', 'sesuai', 'harga', 'bbm', 'dian']"
273,"['per', 'siap', 'bantu', 'blt', 'bbm', 'subsidi', 'upah', 'pasca', 'naik', 'harga', 'bbm', 'jambi']"
274,"['salur', 'blt', 'bbm', 'apresiasi', 'masyarakat']"
275,"['salur', 'blt', 'bbm', 'apresiasi', 'masyarakat']"
276,"['salur', 'blt', 'bbm', 'apresiasi', 'masyarakat']"
277,"['salur', 'blt', 'bbm', 'apresiasi', 'masyarakat']"
278,"['blt', 'bbm', 'dongkrak', 'daya', 'beli', 'masyarakat', 'kalimantan']"
279,"['manfaat', 'guna', 'blt', 'bbm', 'bijak', 'kalimantan']"
280,"['ayo', 'bijak', 'manfaat', 'blt', 'bbm', 'kalimantan']"
281,"['upaya', 'perintah', 'blt', 'bbm', 'bantal', 'sosial', 'masyarakat']"
282,"['sumsel', 'keluarga', 'terima', 'manfaat', 'kpm', 'blt', 'bbm']"
283,"['masyarakat', 'jawa', 'timur', 'terima', 'kasih', 'presiden', 'jokowi', 'salur']"
284,"['blt', 'bbm', 'dukung', 'tumbuh', 'ekonomi', 'jawa', 'timur']"
285,"['blt', 'bantu', 'masyarakat', 'jawa', 'timur']"
286,"['dukung', 'kawal', 'salur', 'blt', 'dki', 'jakarta']"
287,"['blt', 'hak', 'rakyat', 'indonesia', 'terima', 'kasih', 'presiden', 'perintah']"
288,"['blt', 'bbm', 'sanagat', 'manfaat', 'dki', 'jakarta']"
289,"['blt', 'hak', 'rakyat', 'indonesia', 'terima', 'kasih', 'presiden', 'perintah']"
290,"['blt', 'hak', 'rakyat', 'indonesia', 'terima', 'kasih', 'presiden', 'perintah']"
291,"['salur', 'blt', 'bbm', 'persen', 'dki', 'jakarta']"
292,"['blt', 'hak', 'rakyat', 'indonesia', 'terima', 'kasih', 'presiden', 'perintah']"
293,"['masyarakat', 'apresiasi', 'blt', 'rakyat', 'dki', 'jakarta']"
294,"['hore', 'blt', 'cair', 'dki', 'jakarta']"
295,"['dukung', 'perintah', 'cepat', 'salur', 'blt', 'dki', 'jakarta']"
296,"['mantap', 'blt', 'cair', 'moga', 'manfaat', 'dki', 'jakarta']"
297,"['blt', 'bbm', 'sanagat', 'manfaat', 'dki', 'jakarta']"
298,"['salur', 'blt', 'bbm', 'persen', 'dki', 'jakarta']"
299,"['dukung', 'kawal', 'salur', 'blt', 'dki', 'jakarta']"
300,"['asyik', 'blt', 'cair', 'ojol', 'oktober', 'dki', 'jakarta']"
301,"['masyarakat', 'apresiasi', 'blt', 'rakyat', 'dki', 'jakarta']"
302,"['masyarakat', 'jawa', 'timur', 'sambut', 'blt', 'bbm', 'perintah']"
303,"['bagi', 'blt', 'mudah', 'sasar', 'dki', 'jakarta']"
304,"['dukung', 'blt', 'sasar', 'dki', 'jakarta']"
305,"['dukung', 'blt', 'bantu', 'masyrakat', 'jawa', 'timur']"
306,"['blt', 'bantu', 'masyarakat', 'jawa', 'timur']"
307,"['blt', 'bbm', 'dukung', 'tumbuh', 'ekonomi', 'jawa', 'timur']"
308,"['blt', 'cair', 'sasar', 'rakyat', 'khawatir']"
309,"['terimakasih', 'blt', 'bbm', 'jawa', 'timur', 'bahagia']"
310,"['ardi', 'masyarakat', 'jawa', 'timur', 'apresiasi', 'dukung', 'komitmen', 'perintah', 'pasti', 'dana', 'blt', 'ma']"
311,"['terimakasih', 'blt', 'bbm', 'jawa', 'timur', 'bahagia']"
312,"['blt', 'bbm', 'bantu', 'sasar']"
313,"['syukur', 'blt', 'bbm', 'blt']"
314,"['perintah', 'gencar', 'salur', 'blt', 'bbm', 'masyarakat']"
315,"['masyarakat', 'jawa', 'timur', 'dukung', 'blt', 'bbm', 'sasar']"
316,"['blt', 'tukang', 'becakojol', 'cair', 'komunitas', 'ojol', 'jawa', 'timur', 'dukung', 'salur', 'blt']"
317,"['blt', 'bbm', 'ringan', 'beban', 'masyarakat']"
318,"['blt', 'efektif', 'sasar']"
319,"['ayo', 'bijak', 'manfaat', 'blt', 'bbm', 'sumatera', 'utara']"
320,"['masyarakat', 'jawa', 'timur', 'sambut', 'blt', 'bbm', 'perintah']"
321,"['dukung', 'salur', 'blt']"
322,"['manfaat', 'guna', 'blt', 'bbm', 'bijak', 'sumatera', 'utara']"
323,"['dukung', 'blt', 'bantu', 'masyrakat', 'jawa', 'timur']"
324,"['mantap', 'moga', 'cepat', 'selesai', 'sasar', 'daerah', 'istimewa', 'yogyakarta', 'blt', 'bbm', 'yogyakarta']"
325,"['blt', 'bbm', 'manfaat', 'masyarakat', 'daerah', 'istimewa', 'yogyakarta', 'blt', 'bbm', 'yogyakarta']"
326,"['masyarakat', 'paham', 'putus', 'sulit', 'ambil', 'perintah', 'daerah', 'istimewa', 'yogyakarta', 'blt', 'bbm', 'yogyaka']"
327,"['jokowi', 'salur', 'blt', 'bbm', 'jt', 'terima', 'daerah', 'istimewa', 'yogyakarta', 'blt', 'bbm', 'yogyakarta']"
328,"['blt', 'bbm', 'bukti', 'hadir', 'negara', 'bantu', 'masyarakat', 'rentan', 'daerah', 'istimewa', 'yogyakarta', 'blt', 'bbm', 'yogyakarta']"
329,"['harga', 'bbm', 'sesuai', 'perintah', 'siap', 'bantu', 'blt', 'bsu', 'daerah', 'istimewa', 'yogyakarta', 'blt', 'bbm', 'yogyakarta']"
330,"['perintah', 'salut', 'blt', 'bbm', 'tahap', 'daerah', 'istimewa', 'yogyakarta', 'blt', 'bbm', 'yogyakarta']"
331,"['ardi', 'terimakasih', 'jokowi', 'blt', 'bbm', 'bantu', 'masyarakat', 'jawa', 'timur', 'terima', 'kasih']"
332,"['nusa', 'tenggara', 'timur', 'manfaat', 'blt', 'bbm', 'rasa', 'masyarakat']"
333,"['blt', 'bbm', 'dongkrak', 'daya', 'beli', 'masyarakat', 'sumatera', 'utara']"
334,"['mantap', 'program', 'blt', 'rasa', 'masyarakat', 'jawa', 'timur']"
335,"['masyarakat', 'jawa', 'timur', 'dukung', 'blt', 'bbm', 'sasar']"
336,"['ardi', 'perintah', 'hasil', 'salur', 'blt', 'bbm', 'rata', 'jawa', 'timur']"
337,"['ardi', 'blt', 'bbm', 'tangan', 'masyarakat', 'jawa', 'timur', 'bawa', 'bahagia', 'mantap', 'dukung']"
338,"['ardi', 'warga', 'jawa', 'timur', 'bantu', 'blt']"
339,"['ardi', 'terimakasih', 'blt', 'bbm', 'jawa', 'timur', 'bahagia']"
340,"['perintah', 'hasil', 'salur', 'blt', 'bbm', 'rata', 'jawa', 'timur', 'rasa', 'dam']"
341,"['dukung', 'blt', 'sasar', 'dki', 'jakarta']"
342,"['bagi', 'blt', 'mudah', 'sasar', 'dki', 'jakarta']"
343,"['masyarakat', 'apresiasi', 'blt', 'rakyat', 'dki', 'jakarta']"
344,"['cok', 'blt', 'bbm', 'dukung', 'tumbuh', 'ekonomi', 'jawa', 'timur']"
345,"['ardi', 'terima', 'kasih', 'warga', 'jawa', 'timur', 'senang', 'blt', 'bbm', 'diberika']"
346,"['asyik', 'blt', 'cair', 'ojol', 'oktober', 'dki', 'jakarta']"
347,"['dukung', 'kawal', 'salur', 'blt', 'dki', 'jakarta']"
348,"['ardi', 'perintah', 'hasil', 'salur', 'blt', 'bbm', 'rata', 'jawa', 'timur', 'rasa', 'dampak']"
349,"['salur', 'blt', 'bbm', 'persen', 'dki', 'jakarta']"
350,"['blt', 'bbm', 'sanagat', 'manfaat', 'dki', 'jakarta']"
351,"['mantap', 'blt', 'cair', 'moga', 'manfaat', 'dki', 'jakarta']"
352,"['dukung', 'perintah', 'cepat', 'salur', 'blt', 'dki', 'jakarta']"
353,"['hore', 'blt', 'cair', 'dki', 'jakarta']"
354,"['warga', 'jawa', 'timur', 'bantu', 'blt']"
355,"['masyarakat', 'apresiasi', 'blt', 'rakyat', 'dki', 'jakarta']"
356,"['blt', 'bbm', 'dukung', 'tumbuh', 'ekonomi', 'jawa', 'timur']"
357,"['dukung', 'blt', 'bantu', 'masyrakat', 'jawa', 'timur']"
358,"['warga', 'jawa', 'timur', 'bantu', 'blt']"
359,"['salur', 'blt', 'bbm', 'persen', 'dki', 'jakarta']"
360,"['blt', 'bbm', 'sanagat', 'manfaat', 'dki', 'jakarta']"
361,"['dukung', 'kawal', 'salur', 'blt', 'dki', 'jakarta']"
362,"['bagi', 'blt', 'mudah', 'sasar', 'dki', 'jakarta']"
363,"['manfaat', 'guna', 'blt', 'bbm', 'bijak', 'yaa']"
364,"['ayo', 'bijak', 'manfaat', 'blt', 'bbm']"
365,"['warga', 'jawa', 'timur', 'bantu', 'blt']"
366,"['blt', 'bantu', 'giat', 'ekonomi', 'masyarakat']"
367,"['manfaat', 'guna', 'blt', 'bbm', 'dki', 'jakarta']"
368,"['blt', 'bantu', 'dki', 'jakarta']"
369,"['ardi', 'jawa', 'timur', 'dukung', 'blt', 'sasar']"
370,"['bijak', 'blt', 'dki', 'jakarta']"
371,"['blt', 'bbm', 'dongkrak', 'daya', 'beli', 'dki', 'jakarta']"
372,"['ayo', 'bijak', 'manfaarkan', 'blt', 'bbm', 'dki', 'jakarta']"
373,"['blt', 'bbm', 'donkrak', 'daya', 'beli', 'masyarakat']"
374,"['perintah', 'hasil', 'salur', 'blt', 'bbm', 'rata', 'jawa', 'timur', 'rasa', 'dampak', 'positif']"
375,"['mantap', 'program', 'blt', 'rasa', 'masyarakat', 'jawa', 'timur']"
376,"['perintah', 'pasti', 'blt', 'sasar', 'rakyat', 'jawa', 'timur', 'rasa']"
377,"['manfaat', 'guna', 'blt', 'bbm', 'bijak', 'yaa']"
378,"['ayo', 'bijak', 'manfaat', 'blt', 'bbm']"
379,"['terima', 'kasih', 'warga', 'jawa', 'timur', 'senang', 'blt', 'bbm', 'mantap']"
380,"['blt', 'bantu', 'giat', 'ekonomi', 'masyarakat']"
381,"['perintah', 'pasti', 'blt', 'sasar', 'rakyat', 'jawa', 'timur', 'rasa']"
382,"['blt', 'tukang', 'becakojol', 'cair', 'komunitas', 'ojol', 'jawa', 'timur', 'dukung', 'salur', 'blt']"
383,"['bantu', 'produktif', 'usaha', 'mikro', 'bantu', 'sosial', 'tunai', 'blt', 'dana', 'desa', 'program', 'kartu', 'pra', 'kerja', 'ditingkatk']"
384,"['blt', 'bbm', 'manfaat', 'nyaa']"
385,"['masyarakat', 'nusa', 'tenggara', 'timur', 'dukung', 'program', 'blt', 'bbm', 'bantu', 'ekonomi', 'masyarakat']"
386,"['blt', 'bbm', 'dongkrak', 'daya', 'beli', 'masyarakat']"
387,"['bijak', 'manfaat', 'blt', 'bbm']"
388,"['bagi', 'blt', 'bbm', 'bsu', 'mudah', 'cepat', 'sasar', 'apel', 'pagi']"
389,"['bantu', 'langsung', 'tunai', 'blt', 'bbm', 'jaga', 'daya', 'beli', 'masyarakat', 'bagi', 'antasipasi', 'dampak']"
390,"['manfaat', 'guna', 'blt', 'bbm', 'bijak']"
391,"['robin', 'demo', 'dikit', 'demo', 'nganggur', 'be']"
392,"['masyarakat', 'apresiasi', 'blt', 'bbm', 'perintah']"
393,"['dukung', 'perintah', 'salur', 'blt', 'tukang', 'becak', 'ojol']"
394,"['dukung', 'salur', 'blt', 'bbm', 'masyarakat']"
395,"['blt', 'bbm', 'dongkrak', 'daya', 'beli', 'masyarakat', 'apel', 'pagi']"
396,"['masyarakat', 'apresiasi', 'blt', 'bbm', 'perintah']"
397,"['manfaat', 'guna', 'blt', 'bbm', 'bijak', 'papua', 'barat', 'dukung', 'blt', 'bbm']"
398,"['manfaat', 'guna', 'blt', 'bbm', 'bijak', 'papua', 'barat', 'dukung', 'blt', 'bbm']"
399,"['manfaat', 'guna', 'blt', 'bbm', 'bijak', 'papua', 'barat', 'dukung', 'blt', 'bbm']"
400,"['manfaat', 'guna', 'blt', 'bbm', 'bijak', 'papua', 'barat', 'dukung', 'blt', 'bbm']"
401,"['manfaat', 'guna', 'blt', 'bbm', 'bijak', 'papua', 'barat', 'dukung', 'blt', 'bbm']"
402,"['dukung', 'perintah', 'salur', 'blt', 'tukang', 'becak', 'ojol']"
403,"['manfaat', 'guna', 'blt', 'bbm', 'apel', 'pagi']"
404,"['putus', 'jokowi', 'bagi', 'blt', 'bbm']"
405,"['ayo', 'bijak', 'manfaat', 'blt', 'bbm', 'apel', 'pagi']"
406,"['dukung', 'perintah', 'salur', 'blt', 'tukang', 'becak', 'ojol']"
407,"['subsidi', 'blt', 'bbm', 'bantu']"
408,"['dukung', 'perintah', 'salur', 'blt', 'tukang', 'becak', 'ojol']"
409,"['blt', 'bbm', 'lindung', 'rakyat', 'gejolak', 'harga', 'global']"
410,"['dukung', 'salur', 'blt', 'bbm', 'masyarakat']"
411,"['dukung', 'salur', 'blt', 'bbm', 'masyarakat']"
412,"['bijak', 'konsumsi', 'blt', 'bbm']"
413,"['masyarakat', 'apresiasi', 'blt', 'bbm', 'perintah']"
414,"['putus', 'jokowi', 'bagi', 'blt', 'bbm']"
415,"['dukung', 'perintah', 'salur', 'blt', 'tukang', 'becak', 'ojol']"
416,"['blt', 'bbm', 'dongkrak', 'daya', 'beli', 'masyarakat']"
417,"['ayo', 'manfaat', 'blt', 'bbm', 'positif']"
418,"['blt', 'bantu', 'masyarakat', 'jawa', 'timur']"
419,"['blt', 'bbm', 'dongkrak', 'daya', 'beli', 'masyarakat']"
420,"['cok', 'masyarakat', 'jawa', 'timur', 'dukung', 'blt', 'bbm', 'sasar']"
421,"['perintah', 'hasil', 'salur', 'blt', 'bbm', 'rata', 'jawa', 'timur', 'rasa', 'dampa']"
422,"['bantu', 'blt', 'bantu', 'masyarakat', 'nusa', 'tenggara', 'timur']"
423,"['perintah', 'hasil', 'salur', 'blt', 'bbm', 'rata', 'jawa', 'timur']"
424,"['manfaat', 'guna', 'blt', 'bbm', 'bijak', 'sulawesi', 'barat']"
425,"['blt', 'bbm', 'dukung', 'tumbuh', 'ekonomi', 'jawa', 'timur']"
426,"['bijak', 'blt', 'bbm']"
427,"['ayo', 'bijak', 'manfaat', 'blt', 'bbm', 'sumatera', 'utara']"
428,"['manfaat', 'guna', 'blt', 'bbm', 'bijak']"
429,"['info', 'warga', 'nusa', 'tenggara', 'barat', 'terima', 'kasih', 'bantu', 'blt', 'bbm']"
430,"['info', 'warga', 'nusa', 'tenggara', 'barat', 'terima', 'kasih', 'bantu', 'blt', 'bbm']"
431,"['info', 'warga', 'nusa', 'tenggara', 'barat', 'terima', 'kasih', 'bantu', 'blt', 'bbm']"
432,"['info', 'warga', 'nusa', 'tenggara', 'barat', 'terima', 'kasih', 'bantu', 'blt', 'bbm']"
433,"['info', 'warga', 'nusa', 'tenggara', 'barat', 'terima', 'kasih', 'bantu', 'blt', 'bbm']"
434,"['ardi', 'warga', 'jawa', 'timur', 'bantu', 'blt']"
435,"['info', 'blt', 'sasar', 'masyarakat', 'nusa', 'tenggara', 'barat', 'nikmat', 'manfaat']"
436,"['info', 'blt', 'sasar', 'masyarakat', 'nusa', 'tenggara', 'barat', 'nikmat', 'manfaat']"
437,"['info', 'blt', 'sasar', 'masyarakat', 'nusa', 'tenggara', 'barat', 'nikmat', 'manfaat']"
438,"['presiden', 'ri', 'modal', 'modal', 'kerja', 'blt', 'bbm', 'sumatera', 'utara']"
439,"['info', 'blt', 'sasar', 'masyarakat', 'nusa', 'tenggara', 'barat', 'nikmat', 'manfaat']"
440,"['info', 'blt', 'sasar', 'masyarakat', 'nusa', 'tenggara', 'barat', 'nikmat', 'manfaat']"
441,"['blt', 'bbm', 'dukung', 'tumbuh', 'ekonomi', 'jawa', 'timur']"
442,"['info', 'masyarakat', 'nusa', 'tenggara', 'barat', 'dukung', 'blt', 'bbm', 'efektif', 'bantu', 'masyarakat']"
443,"['mantap', 'nominal', 'blt', 'bbm', 'tambah', 'presiden', 'joko', 'widodo', 'sumatera', 'utara']"
444,"['info', 'masyarakat', 'nusa', 'tenggara', 'barat', 'dukung', 'blt', 'bbm', 'efektif', 'bantu', 'masyarakat']"
445,"['info', 'masyarakat', 'nusa', 'tenggara', 'barat', 'dukung', 'blt', 'bbm', 'efektif', 'bantu', 'masyarakat']"
446,"['info', 'masyarakat', 'nusa', 'tenggara', 'barat', 'dukung', 'blt', 'bbm', 'efektif', 'bantu', 'masyarakat']"
447,"['cok', 'terimakasih', 'jokowi', 'bantu', 'jawa', 'timur', 'blt', 'bukti', 'hadir', 'perintah', 'teng']"
448,"['terima', 'blt']"
449,"['perintah', 'behasil', 'salur', 'blt', 'bbm', 'rata', 'wilayah', 'sumatera', 'utara']"
450,"['ardi', 'perintah', 'hasil', 'salur', 'blt', 'bbm', 'rata', 'jawa', 'timur']"
451,"['masyarakat', 'jawa', 'timur', 'terima', 'kasih', 'presiden', 'jokowi', 'salur', 'blt', 'bbm']"
452,"['perintah', 'salur', 'blt', 'bbm', 'cepat', 'sasar']"
453,"['blt', 'bbm', 'bsu', 'masyarakat', 'meringakan', 'beban', 'masyarakat']"
454,"['blt', 'bbm', 'dongkrak', 'daya', 'beli', 'masyarakat']"
455,"['warga', 'jawa', 'timur', 'bantu', 'blt']"
456,"['perintah', 'blt', 'bbm', 'masyarakat', 'cepat', 'mudah', 'sasar']"
457,"['alih', 'subsidi', 'bbm', 'blt', 'bbm', 'lindung', 'masyarakat', 'gejolak', 'harga', 'global', 'sumatera', 'utara']"
458,"['ayo', 'bijak', 'manfaat', 'blt', 'bbm', 'perintah']"
459,"['masyarakat', 'jawa', 'timur', 'terima', 'blt', 'bbm']"
460,"['ardi', 'warga', 'jawa', 'timur', 'bantu', 'blt']"
461,"['terima', 'blt', 'guna', 'blt', 'manfaat', 'sumatera', 'utara']"
462,"['jokowi', 'langsung', 'membagibagikan', 'terima', 'blt', 'upah', 'daerah']"
463,"['blt', 'bbm', 'wujud', 'perhati', 'perintah', 'rakyat', 'sumatera', 'utara']"
464,"['woow', 'nomonial', 'blt', 'tambah', 'gaes']"
465,"['manfaatkangunakan', 'blt', 'perintah', 'manfaat', 'sumatera', 'utara']"
466,"['blt', 'bbm', 'dongkrak', 'daya', 'beli', 'masyarakat']"
467,"['terimakasih', 'jokowi', 'bantu', 'jawa', 'timur', 'blt', 'bukti', 'hadir', 'pe']"
468,"['masyarakat', 'rentan', 'bantu', 'blt', 'bbm']"
469,"['salur', 'blt', 'bbm', 'nilai', 'sasar']"
470,"['blt', 'bbm', 'ringan', 'ekonmi', 'masyarakat']"
471,"['cok', 'masyarakat', 'jawa', 'timur', 'dukung', 'cepat', 'bagi', 'blt']"
472,"['blt', 'bbm', 'salur', 'progres', 'persen', 'sumatera', 'utara']"
473,"['presiden', 'jamin', 'blt', 'bbm', 'sasar', 'sumatera', 'utara']"
474,"['warga', 'jawa', 'timur', 'bantu', 'blt']"
475,"['manfaat', 'guna', 'blt', 'bbm', 'bijak']"
476,"['terimakasih', 'presiden', 'jokowi', 'cepat', 'distribusi', 'blt', 'bbm', 'sumatera', 'utara']"
477,"['perintah', 'jg', 'bansos', 'blt', 'subsidi', 'upah', 'atas', 'dampak', 'naik', 'bbm']"
478,"['ayo', 'bijak', 'manfaat', 'blt', 'bbm']"
479,"['miliar', 'blt', 'bagi', 'masyarakat']"
480,"['jokowi', 'pantau', 'langsung', 'beri', 'blt', 'bbm']"
481,"['gagas', 'bsu', 'blt', 'bijak', 'perintah', 'selamat', 'masyarakat', 'sumatera', 'utara']"
482,"['blt', 'bbm', 'salur', 'cepat']"
483,"['masyarakat', 'rentan', 'bantu', 'blt', 'bbm']"
484,"['perintah', 'pasti', 'blt', 'sasar', 'rakyat', 'jawa', 'timur', 'rasa']"
485,"['blt', 'bbm', 'sasar', 'sulawesi', 'selat']"
486,"['blt', 'bbm', 'jaga', 'daya', 'tahan', 'beli', 'masyarakat']"
487,"['blt', 'bbm', 'langkah', 'subusidi']"
488,"['jokowi', 'tambah', 'nominal', 'blt', 'bbm']"
489,"['mantaap', 'nomininal', 'blt', 'bbm', 'tambah']"
490,"['terimakasih', 'jokowi', 'bantu', 'jawa', 'timur', 'blt', 'bukti', 'hadir']"
491,"['masyarakat', 'sumatera', 'utara', 'alhamdulillah', 'blt', 'bbm', 'cair', 'november']"
492,"['masyarakat', 'sumatera', 'utara', 'alhamdulillah', 'blt', 'bbm', 'cair', 'november']"
493,"['blt', 'bbm', 'dongkrak', 'daya', 'beli', 'masyarakat']"
494,"['bagi', 'blt', 'bbm', 'bsu', 'cepat', 'sasar']"
495,"['manfaat', 'blt', 'bbm', 'bijak']"
496,"['terimakasih', 'jokowi', 'bantu', 'jawa', 'timur', 'blt', 'bukti', 'hadir', 'pem']"
497,"['perintah', 'memasktikan', 'distribusi', 'blt', 'bbm', 'lewat']"
498,"['jokowi', 'cepat', 'distribusi', 'blt', 'bbm']"
499,"['perintah', 'salur', 'blt', 'bbm', 'masif', 'cepat', 'aman']"
500,"['woow', 'nomonial', 'blt', 'tambah', 'gaes']"
501,"['perintah', 'salur', 'blt', 'bbm', 'masif', 'cepat', 'aman']"
502,"['blt', 'bbm', 'positif']"
503,"['masyarakat', 'rentan', 'bantu', 'blt', 'bbm']"
504,"['perintah', 'salur', 'blt', 'bbm', 'masif', 'cepat', 'aman']"
505,"['salur', 'blt', 'bbm', 'nilai', 'sasar']"
506,"['perintah', 'pasti', 'blt', 'sasar', 'rakyat', 'jawa', 'timur', 'rasa']"
507,"['blt', 'bbm', 'ringan', 'ekonmi', 'masyarakat']"
508,"['perintah', 'salur', 'blt', 'bbm', 'masif', 'cepat', 'aman']"
509,"['blt', 'bbm', 'efektif', 'bantu', 'masyarakat']"
510,"['miliar', 'blt', 'bagi', 'masyarakat']"
511,"['perintah', 'salur', 'blt', 'bbm', 'masif', 'cepat', 'aman']"
512,"['perintah', 'salur', 'blt', 'bbm', 'cepat', 'sasar']"
513,"['perintah', 'salur', 'blt', 'bbm', 'cepat', 'sasar']"
514,"['perintah', 'salur', 'blt', 'bbm', 'cepat', 'sasar']"
515,"['perintah', 'salur', 'blt', 'bbm', 'cepat', 'sasar']"
516,"['perintah', 'salur', 'blt', 'bbm', 'cepat', 'sasar']"
517,"['perintah', 'salur', 'blt', 'bbm', 'cepat', 'sasar']"
518,"['jokowi', 'pantau', 'langsung', 'beri', 'blt', 'bbm']"
519,"['perintah', 'salur', 'blt', 'bbm', 'masif', 'cepat', 'aman']"
520,"['blt', 'bbm', 'solusi']"
521,"['blt', 'bbm', 'salur', 'cepat']"
522,"['masyarakat', 'rentan', 'bantu', 'blt', 'bbm']"
523,"['blt', 'bbm', 'bsu', 'masyarakat', 'meringakan', 'beban', 'masyarakat']"
524,"['blt', 'bbm', 'bsu', 'masyarakat', 'meringakan', 'beban', 'masyarakat']"
525,"['blt', 'bbm', 'bsu', 'masyarakat', 'meringakan', 'beban', 'masyarakat']"
526,"['blt', 'bbm', 'bsu', 'masyarakat', 'meringakan', 'beban', 'masyarakat']"
527,"['blt', 'bbm', 'bsu', 'masyarakat', 'meringakan', 'beban', 'masyarakat']"
528,"['blt', 'bbm', 'bsu', 'masyarakat', 'meringakan', 'beban', 'masyarakat']"
529,"['blt', 'bbm', 'bijak', 'kawan', 'semangatt']"
530,"['blt', 'bbm', 'sasar', 'sulawesi', 'selat']"
531,"['blt', 'bbm', 'bijak', 'kawan', 'semangatt']"
532,"['blt', 'bbm', 'jaga', 'daya', 'tahan', 'beli', 'masyarakat']"
533,"['blt', 'bbm', 'bijak', 'blt', 'bbm', 'efektif', 'bantu', 'masyarakat']"
534,"['blt', 'bbm', 'langkah', 'subusidi']"
535,"['blt', 'bbm', 'bijak', 'kawan', 'semangatt']"
536,"['blt', 'bbm', 'dongkrak', 'daya', 'beli', 'masyarakat']"
537,"['blt', 'bbm', 'dongkrak', 'daya', 'beli', 'masyarakat']"
538,"['blt', 'bbm', 'dongkrak', 'daya', 'beli', 'masyarakat']"
539,"['jokowi', 'tambah', 'nominal', 'blt', 'bbm']"
540,"['blt', 'bbm', 'dongkrak', 'daya', 'beli', 'masyarakat']"
541,"['blt', 'bbm', 'dongkrak', 'daya', 'beli', 'masyarakat']"
542,"['blt', 'bbm', 'dongkrak', 'daya', 'beli', 'masyarakat']"
543,"['bansos', 'lindung', 'masyarakat', 'blt', 'bbm', 'efektif', 'bantu', 'masyarakat']"
544,"['mantaap', 'nomininal', 'blt', 'bbm', 'tambah']"
545,"['bijak', 'manfaat', 'blt', 'blt', 'bbm', 'efektif', 'bantu', 'masyarakat']"
546,"['dukung', 'salur', 'blt', 'bbm', 'masyarakat']"
547,"['pembangian', 'blt', 'bbm', 'rata', 'masyarakat', 'indonesia', 'nusa', 'tenggara', 'timur']"
548,"['dukung', 'salur', 'blt', 'bbm', 'masyarakat']"
549,"['dukung', 'salur', 'blt', 'bbm', 'masyarakat']"
550,"['bijak', 'manfaat', 'blt', 'bbm', 'blt', 'bbm', 'efektif', 'bantu', 'masyarakat']"
551,"['dukung', 'salur', 'blt', 'bbm', 'masyarakat']"
552,"['dukung', 'salur', 'blt', 'bbm', 'masyarakat']"
553,"['dukung', 'salur', 'blt', 'bbm', 'masyarakat']"
554,"['perintah', 'blt', 'bbm', 'masyarakat', 'cepat', 'mudah', 'sasar']"
555,"['dukung', 'salur', 'blt', 'bbm', 'masyarakat']"
556,"['perintah', 'blt', 'bbm', 'masyarakat', 'cepat', 'mudah', 'sasar']"
557,"['perintah', 'blt', 'bbm', 'masyarakat', 'cepat', 'mudah', 'sasar']"
558,"['perintah', 'blt', 'bbm', 'masyarakat', 'cepat', 'mudah', 'sasar']"
559,"['perintah', 'blt', 'bbm', 'masyarakat', 'cepat', 'mudah', 'sasar']"
560,"['dukung', 'salur', 'blt', 'bbm', 'masyarakat']"
561,"['perintah', 'blt', 'bbm', 'masyarakat', 'cepat', 'mudah', 'sasar']"
562,"['dukung', 'salur', 'blt', 'bbm', 'masyarakat']"
563,"['dukung', 'salur', 'blt', 'bbm', 'masyarakat']"
564,"['dukung', 'salur', 'blt', 'bbm', 'masyarakat']"
565,"['dukung', 'salur', 'blt', 'bbm', 'masyarakat']"
566,"['blt', 'jawa', 'timur', 'jalan', 'lancar']"
567,"['dukung', 'salur', 'blt', 'bbm', 'masyarakat']"
568,"['ayo', 'bijak', 'manfaat', 'blt', 'bbm', 'perintah']"
569,"['ayo', 'bijak', 'manfaat', 'blt', 'bbm', 'perintah']"
570,"['ayo', 'bijak', 'manfaat', 'blt', 'bbm', 'perintah']"
571,"['ayo', 'bijak', 'manfaat', 'blt', 'bbm', 'perintah']"
572,"['ayo', 'bijak', 'manfaat', 'blt', 'bbm', 'perintah']"
573,"['ayo', 'bijak', 'manfaat', 'blt', 'bbm', 'perintah']"
574,"['ayo', 'bijak', 'manfaat', 'blt', 'bbm', 'perintah']"
575,"['semangat', 'blt', 'bbm', 'bijak']"
576,"['manfaat', 'blt', 'bbm']"
577,"['arek', 'suroboyo', 'jawa', 'timur', 'bahagia', 'syukur', 'blt']"
578,"['blt', 'bbm', 'masyarakat']"
579,"['alhamdulilah', 'lumayan', 'entuk', 'kartune', 'masio', 'entuk', 'blt', 'ne']"
580,"['serda', 'wahyu', 'hermanto', 'babinsa', 'adimulyo', 'kodim', 'kbm', 'damping', 'warga', 'bina', 'terima', 'bantu', 'langsung']"
581,"['jokowi', 'cepat', 'distribusi', 'blt', 'bbm']"
582,"['perintah', 'blt', 'sasar']"
583,"['ayo', 'manfaat', 'blt', 'bbm']"
584,"['ardi', 'warga', 'jawa', 'timur', 'syukur', 'bahagia', 'terima', 'blt', 'bbm']"
585,"['ardi', 'masyarakat', 'jawa', 'timur', 'dukung', 'cepat', 'bagi', 'blt']"
586,"['perintah', 'upaya', 'blt', 'sasar']"
587,"['arek', 'suroboyo', 'jawa', 'timur', 'kawal', 'salur', 'blt', 'lancar']"
588,"['blt', 'bbm', 'salur']"
589,"['masyarakat', 'jawa', 'timur', 'terima', 'kasih', 'presiden', 'jokowi', 'salur', 'blt', 'bbm']"
590,"['aduuh', 'mah', 'emosi', 'jiwa', 'raga', 'maap', 'nihbistrinya', 'hmmm', 'blt']"
591,"['blt', 'bbm', 'sebar']"
592,"['arek', 'suroboyo', 'jawa', 'timur', 'bahagia', 'syukur', 'blt']"
593,"['blt', 'bbm', 'dukung', 'tumbuh', 'ekonomi', 'jawa', 'timur']"
594,"['blt', 'bbm', 'bantu', 'masyarakat']"
595,"['arek', 'suroboyo', 'jawa', 'timur', 'kawal', 'salur', 'blt', 'lancar']"
596,"['terima', 'kasih', 'masyarakat', 'jawa', 'timur', 'senang', 'blt', 'bbm', 'manta']"
597,"['hore', 'blt', 'cair', 'dki', 'jakarta']"
598,"['dukung', 'perintah', 'cepat', 'salur', 'blt', 'dki', 'jakarta']"
599,"['mantap', 'blt', 'cair', 'moga', 'manfaat', 'dki', 'jakarta']"
600,"['blt', 'bbm', 'sanagat', 'manfaat', 'dki', 'jakarta']"
601,"['salur', 'blt', 'bbm', 'persen', 'dki', 'jakarta']"
602,"['dukung', 'kawal', 'salur', 'blt', 'dki', 'jakarta']"
603,"['asyik', 'blt', 'cair', 'ojol', 'oktober', 'dki', 'jakarta']"
604,"['masyarakat', 'apresiasi', 'blt', 'rakyat', 'dki', 'jakarta']"
605,"['bagi', 'blt', 'mudah', 'sasar', 'dki', 'jakarta']"
606,"['dukung', 'blt', 'sasar', 'dki', 'jakarta']"
607,"['pembangian', 'blt', 'bbm', 'rata', 'masyarakat', 'indonesia', 'nusa', 'tenggara', 'timur']"
608,"['masyarakat', 'jawa', 'timur', 'dukung', 'blt', 'bbm', 'sasar']"
609,"['warga', 'jawa', 'timur', 'syukur', 'bahagia', 'terima', 'blt', 'bbm']"
610,"['blt', 'bantu', 'masyarakat', 'jawa', 'timur']"
611,"['daya', 'beli', 'masyarakat', 'kendali', 'karna', 'blt']"
612,"['ardi', 'warga', 'jawa', 'timur', 'syukur', 'bahagia', 'terima', 'blt', 'bbm']"
613,"['ardi', 'blt', 'bantu', 'masyarakat', 'jawa', 'timur']"
614,"['blt', 'bbm', 'bijak']"
615,"['asikkk', 'blt', 'cairr']"
616,"['blt', 'dongkrak', 'daya', 'beli', 'masyarakat']"
617,"['yuk', 'manfaat', 'blt']"
618,"['warga', 'jawa', 'timur', 'syukur', 'bahagia', 'terima', 'blt', 'bbm']"
619,"['terima', 'kasih', 'masyarakat', 'jawa', 'timur', 'senang', 'blt', 'bbm', 'manta']"
620,"['blt', 'bbm', 'dongkrak', 'daya', 'beli', 'masyarakat']"
621,"['manfaat', 'blt', 'bbm', 'bijak']"
622,"['arek', 'suroboyo', 'jawa', 'timur', 'bahagia', 'syukur', 'blt']"
623,"['ayo', 'bijak', 'manfaat', 'blt', 'bbm']"
624,"['ardi', 'blt', 'bantu', 'masyarakat', 'jawa', 'timur']"
625,"['ardi', 'arek', 'jawa', 'timur', 'ber', 'terima', 'kasih', 'perintah', 'salur', 'blt', 'tep']"
626,"['masyarakat', 'jawa', 'timur', 'senang', 'blt', 'sasar', 'manfaat', 'butuh', 'seharihari']"
627,"['arek', 'jawa', 'timur', 'ber', 'terima', 'kasih', 'perintah', 'salur', 'blt', 'sasar']"
628,"['dukung', 'blt', 'bbm']"
629,"['blt', 'bbm', 'dongkrak', 'daya', 'beli', 'masyarakat']"
630,"['manfaat', 'guna', 'blt', 'bbm', 'bijak']"
631,"['ardi', 'masyarakat', 'jawa', 'timur', 'sambut', 'blt', 'bbm', 'perintah']"
632,"['blt', 'bbm', 'dongkrak', 'beli', 'masyarakat']"
633,"['aceh', 'hadir', 'dukung', 'proeses', 'distribusi', 'blt', 'cepat', 'aceh']"
634,"['ayo', 'bijak', 'manfaat', 'blt', 'bbm']"
635,"['manfaat', 'guna', 'blt', 'bbm', 'bijak']"
636,"['blt', 'bbm', 'bijak']"
637,"['aceh', 'hadir', 'dukung', 'masyarakat', 'ijak', 'blt', 'aceh']"
638,"['ayo', 'bijak', 'manfaat', 'blt', 'bbm']"
639,"['ardi', 'asosiasi', 'ojol', 'jawa', 'timur', 'apresiasi', 'blt', 'bbm', 'bantu', 'ringan', 'ekonomi', 'mere']"
640,"['ardi', 'masyarakat', 'jawa', 'timur', 'terima', 'kasih', 'presiden', 'jokowi', 'salur']"
641,"['pakai', 'blt', 'bbm', 'beli', 'hp']"
642,"['takalarbabinsa', 'koramil', 'marbo', 'desa', 'tope', 'jawa', 'sertu', 'jafri', 'laksana', 'pantau', 'salur', 'bl']"
643,"['blt', 'jawa', 'timur', 'jalan', 'lancar']"
644,"['ayo', 'bijak', 'manfaat', 'blt', 'bbm']"
645,"['ardi', 'blt', 'bbm', 'dukung', 'tumbuh', 'ekonomi', 'jawa', 'timur']"
646,"['subsidi', 'jawa', 'timur', 'jalan', 'sasar', 'berkat', 'blt']"
647,"['moga', 'daya', 'beli', 'masyarakat', 'bantu', 'blt', 'bbm']"
648,"['ayoo', 'bijak', 'blt', 'bbm']"
649,"['blt', 'bbm', 'jaga', 'ekonomi', 'masyarakat']"
650,"['manfaat', 'pengunaan', 'blt', 'bbm', 'bijak', 'gaya', 'hidup']"
651,"['dukung', 'perintah', 'bagi', 'blt', 'bbm', 'bengkulu']"
652,"['manfaat', 'blt', 'bbm', 'malu', 'jaga', 'ekonomi', 'masyarakat']"
653,"['ardi', 'blt', 'bbm', 'tangan', 'masyarakat', 'jawa', 'timur', 'bawa', 'bahagia', 'mantap', 'dukung']"
654,"['dampak', 'harga', 'minyak', 'dunia', 'perintah', 'salur', 'blt', 'bbm', 'bsu']"
655,"['manfaat', 'guna', 'blt', 'bbm', 'bijak', 'bengkulu']"
656,"['salur', 'blt', 'sasar', 'bismillah', 'maju', 'bangsa', 'jaga', 'apbn', 'aceh', 'hadir', 'dukung']"
657,"['salur', 'blt', 'sasar', 'bismillah', 'maju', 'bangsa', 'jaga', 'apbn', 'aceh', 'hadir', 'dukung']"
658,"['blt', 'bbm', 'dongkrak', 'daya', 'beli']"
659,"['masyarakat', 'jawa', 'timur', 'terima', 'kasih', 'presiden', 'jokowi', 'salur', 'blt', 'bbm']"
660,"['blt', 'bbm', 'bantu', 'masyarakat', 'daerah', 'gorontalo']"
661,"['ayo', 'bijak', 'manfaat', 'blt', 'bbm', 'bengkulu']"
662,"['terimakasih', 'blt', 'bbm', 'aceh', 'terima', 'blt', 'bbm', 'aceh', 'hadir', 'dukung']"
663,"['terimakasih', 'blt', 'bbm', 'aceh', 'terima', 'blt', 'bbm', 'aceh', 'hadir', 'dukung']"
664,"['blt', 'bbm', 'dongkrak', 'daya', 'beli', 'masyarakat', 'bengkulu']"
665,"['blt', 'bbm', 'bantu', 'masyarakat', 'daerah', 'gorontalo']"
666,"['ardi', 'dukung', 'blt', 'bantu', 'masyrakat', 'jawa', 'timur']"
667,"['cepat', 'sasar', 'kalimantan', 'dukung', 'blt', 'bbm']"
668,"['mudah', 'kalimantan', 'dukung', 'blt', 'bbm']"
669,"['bijak', 'manfaat', 'kalimantan', 'dukung', 'blt', 'bbm']"
670,"['blt', 'bantu', 'masyarakat']"
671,"['marm', 'nikmat', 'blt']"
672,"['cepat', 'sasar', 'kalimantan', 'dukung', 'blt', 'bbm']"
673,"['mudah', 'kalimantan', 'dukung', 'blt', 'bbm']"
674,"['bijak', 'manfaat', 'kalimantan', 'dukung', 'blt', 'bbm']"
675,"['sesuai', 'harga', 'bbm', 'dampak', 'inflasi', 'perintah', 'salur', 'bantu', 'langsung', 'tunai', 'blt', 'yan']"
676,"['blt', 'tukang', 'becakojol', 'cair', 'komunitas', 'ojol', 'jawa', 'timur', 'dukung', 'salur', 'blt']"
677,"['cepat', 'sasar', 'kalimantan', 'dukung', 'blt', 'bbm']"
678,"['mudah', 'kalimantan', 'dukung', 'blt', 'bbm']"
679,"['bijak', 'manfaat', 'kalimantan', 'dukung', 'blt', 'bbm']"
680,"['cepat', 'sasar', 'kalimantan', 'dukung', 'blt', 'bbm']"
681,"['mudah', 'kalimantan', 'dukung', 'blt', 'bbm']"
682,"['bijak', 'manfaat', 'kalimantan', 'dukung', 'blt', 'bbm']"
683,"['cepat', 'sasar', 'kalimantan', 'dukung', 'blt', 'bbm']"
684,"['mudah', 'kalimantan', 'dukung', 'blt', 'bbm']"
685,"['bijak', 'manfaat', 'kalimantan', 'dukung', 'blt', 'bbm']"
686,"['dukung', 'blt', 'bantu', 'masyrakat', 'jawa', 'timur']"
687,"['blt', 'bbm', 'manfaat', 'mantap']"
688,"['blt', 'bbm', 'manfaat', 'mantap']"
689,"['bawa', 'sektor', 'alih', 'blt', 'manfaat', 'asa']"
690,"['blt', 'bbm', 'dongkrak', 'daya', 'beli', 'masyarakat']"
691,"['blt', 'bbm', 'jaga', 'daya', 'beli', 'masyarakat', 'naga', 'antisipasi', 'sesuai', 'harga', 'bbm']"
692,"['ardi', 'jawa', 'timur', 'dukung', 'blt', 'sasar']"
693,"['masyarakat', 'kalimantan', 'kawal', 'sukses', 'blt', 'bbm', 'sasar', 'kalimantan']"
694,"['josss', 'banget', 'blt', 'bbm', 'bantu', 'ekonomi', 'masyarakat']"
695,"['ardi', 'blt', 'bbm', 'dukung', 'tumbuh', 'ekonomi', 'jawa', 'timur']"
696,"['bagi', 'blt', 'mudah', 'sasar', 'dki', 'jakarta']"
697,"['dukung', 'kawal', 'salur', 'blt', 'dki', 'jakarta']"
698,"['blt', 'bbm', 'sanagat', 'manfaat', 'dki', 'jakarta']"
699,"['salur', 'blt', 'bbm', 'persen', 'dki', 'jakarta']"
700,"['masyarakat', 'apresiasi', 'blt', 'rakyat', 'dki', 'jakarta']"
701,"['hore', 'blt', 'cair', 'dki', 'jakarta']"
702,"['dukung', 'perintah', 'cepat', 'salur', 'blt', 'dki', 'jakarta']"
703,"['mantap', 'blt', 'cair', 'moga', 'manfaat', 'dki', 'jakarta']"
704,"['blt', 'bbm', 'sanagat', 'manfaat', 'dki', 'jakarta']"
705,"['salur', 'blt', 'bbm', 'persen', 'dki', 'jakarta']"
706,"['dukung', 'kawal', 'salur', 'blt', 'dki', 'jakarta']"
707,"['asyik', 'blt', 'cair', 'ojol', 'oktober', 'dki', 'jakarta']"
708,"['masyarakat', 'apresiasi', 'blt', 'rakyat', 'dki', 'jakarta']"
709,"['bagi', 'blt', 'mudah', 'sasar', 'dki', 'jakarta']"
710,"['dukung', 'blt', 'sasar', 'dki', 'jakarta']"
711,"['bangga', 'banget', 'lolos', 'resesi', 'berkat', 'blt', 'bbm']"
712,"['blt', 'bbm', 'subsidi', 'adil']"
713,"['blt', 'bbm', 'tangan', 'masyarakat', 'jawa', 'timur', 'bawa', 'bahagia', 'mantap', 'dukung', 'program']"
714,"['pulau', 'bangka', 'belitung', 'ayo', 'bijak', 'manfaat', 'blt', 'bbm']"
715,"['terimakasih', 'blt', 'bbm', 'jawa', 'timur', 'bahagia']"
716,"['blt', 'bbm', 'tingkat', 'daya', 'beli', 'masyarakat']"
717,"['berkat', 'blt', 'mayoritas', 'masyarakat', 'puas', 'kerja', 'jokowi']"
718,"['ardi', 'dukung', 'blt', 'bantu', 'masyrakat', 'jawa', 'timur']"
719,"['masyarakat', 'aceh', 'bantu', 'bantu', 'blt', 'sasar', 'aceh', 'hadir', 'dukung']"
720,"['dukung', 'salur', 'blt', 'bbm', 'masyarakat']"
721,"['masyarakat', 'aceh', 'bantu', 'bantu', 'blt', 'sasar', 'aceh', 'hadir', 'dukung']"
722,"['blt', 'jawa', 'timur', 'jalan', 'lancar']"
723,"['dukung', 'perintah', 'salur', 'blt', 'tukang', 'becak', 'ojol']"
724,"['blt', 'bbm', 'lindung', 'rakyat', 'gejolak', 'harga', 'global']"
725,"['blt', 'bbm', 'bukti', 'perhati', 'perintah', 'masyarakat', 'tengah', 'bawah', 'aceh', 'hadir', 'dukung']"
726,"['jawa', 'dukung', 'salur', 'blt']"
727,"['jawa', 'dukung', 'salur', 'blt']"
728,"['blt', 'bbm', 'bukti', 'perhati', 'perintah', 'masyarakat', 'tengah', 'bawah', 'aceh', 'hadir', 'dukung']"
729,"['dukung', 'salur', 'blt', 'bbm', 'masyarakat']"
730,"['putus', 'jokowi', 'bagi', 'blt', 'bbm']"
731,"['blt', 'tukang', 'becakojol', 'cair', 'komunitas', 'ojol', 'jawa', 'timur', 'dukung', 'salur', 'blt']"
732,"['dukung', 'perintah', 'salur', 'blt', 'tukang', 'becak', 'ojol']"
733,"['arek', 'jawa', 'timur', 'ber', 'terima', 'kasih', 'perintah', 'salur', 'blt']"
734,"['putus', 'jokowi', 'bagi', 'blt', 'bbm']"
735,"['masyarakat', 'gorontalo', 'rasa', 'manfaat', 'blt', 'bbm', 'terima', 'kasih', 'perintah']"
736,"['dukung', 'perintah', 'salur', 'blt', 'tukang', 'becak', 'ojol']"
737,"['blt', 'bbm', 'lindung', 'rakyat', 'gejolak', 'harga', 'global']"
738,"['dukung', 'salur', 'blt', 'bbm', 'masyarakat']"
739,"['presiden', 'jokowi', 'serah', 'langsung', 'blt', 'bbm', 'bsu', 'kantor', 'pos']"
740,"['blt', 'bbm', 'salah', 'terap', 'subsidi', 'sasar']"
741,"['putus', 'jokowi', 'bagi', 'blt', 'bbm']"
742,"['dukung', 'perintah', 'salur', 'blt', 'tukang', 'becak', 'ojol']"
743,"['presiden', 'jokowi', 'cepat', 'distribusi', 'blt', 'bbm', 'blt', 'bbm', 'efektif', 'bantu', 'masyarakat']"
744,"['khawatir', 'perintah', 'anggar', 'apbn', 'bantu', 'masyarakat', 'blt', 'bbm', 'efektif', 'bantu', 'masyarakat']"
745,"['blt', 'bbm', 'bentuk', 'peduli', 'perintah', 'masyarakat', 'pulau', 'bangka', 'belitung']"
746,"['arek', 'suroboyo', 'jawa', 'timur', 'bahagia', 'syukur', 'blt']"
747,"['lindung', 'sosial', 'blt', 'sasar']"
748,"['blt', 'bbm', 'tangan', 'masyarakat', 'jawa', 'timur', 'bawa', 'bahagia', 'mantap', 'dukung', 'program']"
749,"['manfaat', 'guna', 'blt', 'bbm', 'bijak']"
750,"['kenal', 'bantu', 'sosial', 'perintah', 'blt', 'bbm', 'efektif', 'bantu', 'masyarakat']"
751,"['blt', 'bbm', 'dongkrak', 'daya', 'beli', 'masyarakat']"
752,"['perintah', 'upaya', 'lindung', 'baik', 'masyarakat']"
753,"['wujud', 'masyarakat', 'sejahtera', 'beri', 'blt', 'sasar', 'terima', 'manfaat']"
754,"['blt', 'bbm', 'lindung', 'sejahtera', 'masyarakat', 'terima', 'kasih', 'perintah', 'sumatera', 'barat']"
755,"['ayo', 'bijak', 'manfaat', 'blt', 'bbm']"
756,"['ojol', 'bkn', 'dar', 'ojol', 'jln', 'daerah', 'menganalisa', 'peetanyaan', 'masyarakat', 'miskin', 'da']"
757,['bansos']
758,"['perintah', 'upaya', 'sejahtera', 'rakyat', 'blt', 'bbm']"
759,"['ayo', 'bijak', 'manfaat', 'blt', 'bbm']"
760,"['manfaat', 'guna', 'blt', 'bbm', 'bijak']"
761,"['blt', 'bbm', 'dorong', 'daya', 'beli', 'masyarakat', 'pulau', 'bangka', 'belitung']"
762,"['khawatir', 'perintah', 'anggar', 'apbn', 'bantu', 'masyarakat', 'blt', 'bbm', 'efektif', 'bantu', 'masyarakat']"
763,"['perintah', 'salur', 'blt', 'bbm', 'daerah', 'indonesia', 'masyarakat', 'sejahtera', 'sumatera', 'barat']"
764,"['ayo', 'bijak', 'blt', 'bbm', 'blt', 'bbm', 'dongkrak', 'daya', 'beli', 'masyarakat']"
765,"['blt', 'bbm', 'ringan', 'beban', 'rakyat', 'pulau', 'bangka', 'belitung']"
766,"['dukung', 'salur', 'blt', 'bbm', 'masyarakat']"
767,"['ardi', 'blt', 'jawa', 'timur', 'jalan', 'lancar']"
768,"['blt', 'bbm', 'lindung', 'rakyat', 'gejolak', 'harga', 'global']"
769,"['blt', 'bbm', 'stabil', 'daya', 'beli', 'masyarakat', 'tingkat', 'ekonomi', 'masyarakat']"
770,"['blt', 'bbm', 'lindung', 'rakyat', 'gejolak', 'harga', 'global']"
771,"['blt', 'bbm', 'tangan', 'masyarakat', 'jawa', 'timur', 'bawa', 'bahagia', 'mantap', 'dukung', 'prog']"
772,"['blt', 'bbm', 'lindung', 'rakyat', 'gejolak', 'harga', 'global']"
773,"['jawa', 'timur', 'bantu', 'blt', 'sasar', 'mantap']"
774,"['dukung', 'salur', 'blt', 'bbm', 'masyarakat']"
775,"['perintah', 'presiden', 'jokowi', 'bagi', 'blt', 'bbm', 'cepat', 'mudah', 'sasar']"
776,"['presiden', 'jokowi', 'serah', 'langsung', 'blt', 'bbm', 'bsu', 'kantor', 'pos']"
777,"['blt', 'bbm', 'salah', 'terap', 'subsidi', 'sasar']"
778,"['masyarakat', 'apresiasi', 'blt', 'bbm', 'perintah']"
779,"['tingkat', 'inflasi', 'indonesia', 'jaga', 'bukti', 'bijak', 'blt', 'bbm', 'dampak', 'ba']"
780,"['putus', 'jokowi', 'bagi', 'blt', 'bbm']"
781,"['dukung', 'perintah', 'salur', 'blt', 'tukang', 'becak', 'ojol']"
782,"['lindung', 'sosial', 'blt', 'sasar']"
783,"['masyarakat', 'jawa', 'timur', 'apresiasi', 'dukung', 'komitmen', 'perintah', 'pasti', 'da']"
784,"['warga', 'jawa', 'timur', 'syukur', 'bahagia', 'terima', 'blt', 'bbm']"
785,"['mantap', 'blt', 'cair', 'bantu', 'masyarakat', 'jawa', 'timur']"
786,"['manfaat', 'guna', 'blt', 'bbm', 'bijak']"
787,"['blt', 'bbm', 'dongkrak', 'daya', 'beli', 'masyarakat']"
788,"['perintah', 'upaya', 'lindung', 'baik', 'masyarakat']"
789,"['terima', 'kasih', 'warga', 'jawa', 'timur', 'blt', 'sasar', 'memba']"
790,"['ardi', 'arek', 'suroboyo', 'jawa', 'timur', 'bahagia', 'syukur', 'blt']"
791,['bansos']
792,"['negara', 'duduk', 'sejahtera', 'trus', 'rumah', 'hrs', 'pake', 'kompor', 'liatrik', 'pikir', 'kehidupa']"
793,"['ayo', 'bijak', 'manfaat', 'blt', 'bbm']"
794,"['blt', 'bbm', 'sejahtera', 'rakyat']"
795,"['manfaat', 'guna', 'blt', 'bbm', 'bijak']"
796,"['blt', 'perintah', 'lindung', 'baik', 'masyarakat']"
797,"['arek', 'suroboyo', 'jawa', 'timur', 'kawal', 'salur', 'blt', 'lancar']"
798,[]
799,"['jokowi', 'langsung', 'membagibagikan', 'terima', 'blt', 'upah', 'daerah']"
800,"['perintah', 'bantu', 'sosial', 'bansos', 'bantu', 'langsung', 'tunai', 'blt', 'subsidi', 'upah', 'menga']"
801,"['bagi', 'blt', 'mudah', 'sasar', 'dki', 'jakarta']"
802,"['ardi', 'blt', 'bbm', 'dukung', 'tumbuh', 'ekonomi', 'jawa', 'timur']"
803,"['terimakasih', 'blt', 'pulau', 'bangka', 'belitung']"
804,"['jokowi', 'langsung', 'membagibagikan', 'terima', 'blt', 'upah', 'daerah']"
805,"['perintah', 'bantu', 'sosial', 'bansos', 'bantu', 'langsung', 'tunai', 'blt', 'subsidi', 'upah', 'menga']"
806,"['manfaat', 'guna', 'blt', 'bbm', 'pulau', 'bangka', 'belitung']"
807,"['dukung', 'kawal', 'salur', 'blt', 'dki', 'jakarta']"
808,"['blt', 'bbm', 'sanagat', 'manfaat', 'dki', 'jakarta']"
809,"['blt', 'bantu', 'masyarakat', 'pulau', 'bangka', 'belitung']"
810,"['naik', 'harga', 'bbm', 'ntar', 'ganti', 'blt', 'blt', 'blt', 'masyarakat', 'disoro']"
811,"['ardi', 'blt', 'jawa', 'timur', 'jalan', 'lancar']"
812,"['salur', 'blt', 'bbm', 'persen', 'dki', 'jakarta']"
813,"['masyarakat', 'apresiasi', 'blt', 'rakyat', 'dki', 'jakarta']"
814,"['ayo', 'bijak', 'manfaat', 'blt', 'bbm']"
815,"['ayo', 'bijak', 'manfaat', 'blt', 'bbm']"
816,"['manfaat', 'guna', 'blt', 'bbm', 'bijak']"
817,"['hore', 'blt', 'cair', 'dki', 'jakarta']"
818,"['dukung', 'perintah', 'cepat', 'salur', 'blt', 'dki', 'jakarta']"
819,"['ardi', 'blt', 'bbm', 'dukung', 'tumbuh', 'ekonomi', 'jawa', 'timur']"
820,"['bantu', 'blt', 'bbm', 'sasar', 'banten']"
821,"['blt', 'bbm', 'dongkrak', 'daya', 'beli', 'masyarakat']"
822,"['jokowi', 'langsung', 'membagibagikan', 'terima', 'blt', 'upah', 'daerah']"
823,"['perintah', 'bantu', 'sosial', 'bansos', 'bantu', 'langsung', 'tunai', 'blt', 'subsidi', 'upah', 'menga']"
824,"['blt', 'jawa', 'timur', 'jalan', 'lancar']"
825,"['jokowi', 'langsung', 'membagibagikan', 'terima', 'blt', 'upah', 'daerah']"
826,"['dukung', 'perintah', 'bantu', 'blt', 'bbm', 'sasar', 'banten']"
827,"['perintah', 'bantu', 'sosial', 'bansos', 'bantu', 'langsung', 'tunai', 'blt', 'subsidi', 'upah', 'menga']"
828,"['blt', 'bbm', 'bsu', 'bantu', 'masyarakat', 'kalimantan', 'utara', 'masyarakat', 'rentan']"
829,"['bagi', 'blt', 'bbm', 'rata', 'masyarakat', 'indonesia', 'aceh', 'hadir', 'dukung']"
830,"['bagi', 'blt', 'bbm', 'rata', 'masyarakat', 'indonesia', 'aceh', 'hadir', 'dukung']"
831,"['mantap', 'blt', 'cair', 'moga', 'manfaat', 'dki', 'jakarta']"
832,"['blt', 'bbm', 'sanagat', 'manfaat', 'dki', 'jakarta']"
833,"['blt', 'ringan', 'beban', 'masyarakat', 'kalimantan', 'utara', 'terima', 'kasih']"
834,"['ayo', 'bijak', 'manfaat', 'blt', 'bbm', 'banten']"
835,"['subsidi', 'jawa', 'timur', 'jalan', 'sasar', 'berkat', 'blt']"
836,"['blt', 'bbm', 'dongkrak', 'daya', 'beli', 'masyarakat', 'banten']"
837,"['blt', 'angkat', 'daya', 'beli', 'masyarakay', 'sulawesi', 'tenggara']"
838,"['salur', 'blt', 'bbm', 'persen', 'dki', 'jakarta']"
839,"['dukung', 'kawal', 'salur', 'blt', 'dki', 'jakarta']"
840,"['blt', 'dongkrak', 'daya', 'beli', 'masyarakat']"
841,"['manfaat', 'guna', 'blt', 'bbm', 'bijak']"
842,"['ardi', 'cepat', 'salur', 'blt', 'bbm', 'masyarakat', 'jawa', 'timur', 'bahagia']"
843,"['ayo', 'bijak', 'manfaat', 'blt', 'bbm']"
844,"['blt', 'bbm', 'dongkrak', 'beli', 'masyarakat', 'gorontalo']"
845,"['asyik', 'blt', 'cair', 'ojol', 'oktober', 'dki', 'jakarta']"
846,"['masyarakat', 'apresiasi', 'blt', 'rakyat', 'dki', 'jakarta']"
847,"['blt', 'jawa', 'timur', 'jalan', 'lancar']"
848,"['mantap', 'blt', 'bbm', 'dongkrak', 'daya', 'beli', 'masyarakat']"
849,"['masyarakat', 'bijak', 'blt', 'bbm', 'blt', 'bbm', 'dongkrak', 'daya', 'beli']"
850,"['manfaat', 'guna', 'blt', 'bbm', 'bijak', 'gorontalo']"
851,"['menfaatkan', 'guna', 'blt', 'bbm', 'bijak', 'bagi', 'blt', 'bsu', 'mudah', 'cepat', 'sasar']"
852,"['blt', 'bbm', 'dongkrak', 'daya', 'beli', 'masyarakat']"
853,"['blt', 'bbm', 'jaga', 'daya', 'beli', 'masyarakat', 'naga', 'antisipasi', 'sesuai', 'harga', 'bbm']"
854,"['blt', 'bbm', 'dongkrak', 'daya', 'beli', 'masyarakat', 'kalimantan']"
855,"['manfaat', 'guna', 'blt', 'bbm', 'bijak', 'kalimantan']"
856,"['bagi', 'blt', 'mudah', 'sasar', 'dki', 'jakarta']"
857,"['dukung', 'blt', 'sasar', 'dki', 'jakarta']"
858,"['ayo', 'bijak', 'manfaat', 'blt', 'bbm', 'kalimantan']"
859,"['ayo', 'bijak', 'manfaat', 'blt', 'bbm', 'gorontalo']"
860,"['blt', 'bbm', 'dongkrak', 'daya', 'beli', 'masyarakat', 'pasca', 'sesuai', 'harga', 'bbm']"
861,"['blt', 'bbm', 'dongkrak', 'daya', 'beli', 'masyarakat', 'kalimantan']"
862,"['manfaat', 'guna', 'blt', 'bbm', 'bijak', 'kalimantan']"
863,"['ayo', 'bijak', 'manfaat', 'blt', 'bbm', 'kalimantan']"
864,"['blt', 'bbm', 'warga', 'pra', 'sejahtera', 'apresiasi', 'sulawesi', 'barat']"
865,"['jawa', 'timur', 'bantu', 'blt', 'sasar', 'mantap']"
866,"['ardi', 'masyarakat', 'jawa', 'timur', 'dukung', 'cepat', 'bagi', 'blt']"
867,"['arek', 'jawa', 'timur', 'ber', 'terima', 'kasih', 'perintah', 'salur', 'blt']"
868,"['ayo', 'bijak', 'manfaat', 'blt', 'bbm', 'sumatera', 'utara']"
869,"['terima', 'blt', 'baris', 'drun', 'kwkwkwkw']"
870,"['perintah', 'lindung', 'rakyat', 'blt', 'sasar', 'malu', 'utara']"
871,"['masyarakat', 'malu', 'utara', 'senang', 'terima', 'blt', 'bbm', 'malu', 'utara']"
872,"['perintah', 'cepat', 'salur', 'blt', 'bbm', 'masyarakat', 'sumatera', 'utara']"
873,"['ekonom', 'jawa', 'timur', 'dukung', 'blt', 'sasar', 'bantu', 'masyarakat']"
874,"['indonesia', 'kuat', 'rakyat', 'daerah', 'istimewa', 'yogyakarta', 'blt', 'bbm', 'yogyakarta']"
875,"['manfaat', 'guna', 'blt', 'bbm', 'bijak', 'malu', 'utara']"
876,"['blt', 'bbm', 'dongkrak', 'daya', 'beli', 'masyarakat', 'malu', 'utara']"
877,"['perintah', 'cepat', 'salur', 'blt', 'bbm', 'masyarakat', 'sumatera', 'utara']"
878,"['dukung', 'blt', 'bbm', 'daerah', 'istimewa', 'yogyakarta', 'blt', 'bbm', 'yogyakarta']"
879,"['ardi', 'terimakasih', 'jokowi', 'blt', 'bbm', 'bantu', 'masyarakat', 'jawa', 'timur', 'terima', 'kasih']"
880,"['seruuu', 'iihh', 'bagi', 'blt', 'sasar', 'sumatera', 'utara']"
881,"['jokowi', 'langsung', 'membagibagikan', 'terima', 'blt', 'upah', 'daerah']"
882,"['indonesia', 'hebat', 'indonesia', 'kuat', 'daerah', 'istimewa', 'yogyakarta', 'blt', 'bbm', 'yogyakarta']"
883,"['dukung', 'blt', 'perintah']"
884,"['perintah', 'bantu', 'sosial', 'bansos', 'bantu', 'langsung', 'tunai', 'blt', 'subsidi', 'upah', 'menga']"
885,"['blt', 'bbm', 'dongkrak', 'daya', 'beli', 'daerah', 'istimewa', 'yogyakarta', 'blt', 'bbm', 'yogyakarta']"
886,"['manfaat', 'guna', 'blt', 'bbm']"
887,"['blt', 'bbm', 'moga', 'manfaat', 'masyarakat', 'indonesia', 'sumatera', 'utara']"
888,"['masyarakat', 'terima', 'blt', 'bbm', 'bijak', 'bantu', 'salur', 'rakyat', 'nusa', 'tenggara', 'tim']"
889,"['blt', 'bbm', 'dongkrak', 'daya', 'beli', 'masyarakat']"
890,"['dukung', 'bantu', 'langsung', 'tunai', 'perintah', 'daerah', 'istimewa', 'yogyakarta', 'blt', 'bbm', 'yogyakarta']"
891,"['jawa', 'timur', 'bantu', 'blt', 'sasar', 'mantap']"
892,"['blt', 'bbm', 'manfaat', 'masyarakat', 'pulau', 'bangka', 'belitung']"
893,"['indonesia', 'hebat', 'daerah', 'istimewa', 'yogyakarta', 'blt', 'bbm', 'yogyakarta']"
894,"['manfaat', 'blt', 'bbm']"
895,"['masyarakat', 'jawa', 'timur', 'dukung', 'blt', 'bbm', 'sasar']"
896,"['cepat', 'tumbuh', 'ekonomi', 'daerah', 'istimewa', 'yogyakarta', 'blt', 'bbm', 'yogyakarta']"
897,"['jokowi', 'langsung', 'membagibagikan', 'terima', 'blt', 'upah', 'daerah']"
898,"['perintah', 'bantu', 'sosial', 'bansos', 'bantu', 'langsung', 'tunai', 'blt', 'subsidi', 'upah', 'menga']"
899,"['ayo', 'bijak', 'manfaatka', 'blt', 'bbm']"
900,"['perintah', 'lindung', 'baik', 'masyarakat', 'salah', 'satu', 'bansos', 'blt', 'bbm', 'bsu']"
901,"['presiden', 'distribusi', 'langsung', 'blt', 'masyarakat', 'pulau', 'bangka', 'belitung']"
902,"['blt', 'bbm', 'dongkrak', 'daya', 'beli', 'masyarakat', 'daerah', 'istimewa', 'yogyakarta', 'blt', 'bbm', 'yogyakarta']"
903,"['apresiasi', 'inflasi', 'akibat', 'sesuai', 'harga', 'bbm', 'rendah', 'prediksi', 'andil', 'pemerin']"
904,"['blt', 'bbm', 'masyarakat', 'pulau', 'riau']"
905,"['warga', 'jawa', 'timur', 'ucap', 'terima', 'kasih', 'blt', 'bbm']"
906,"['blt', 'bbm', 'masyarakat', 'pulau', 'riau']"
907,"['ardi', 'terima', 'kasih', 'masyarakat', 'jawa', 'timur', 'senang', 'blt', 'bbm']"
908,"['blt', 'bbm', 'masyarakat', 'pulau', 'riau']"
909,"['blt', 'bbm', 'masyarakat', 'pulau', 'riau']"
910,"['salur', 'blt', 'bbm', 'langkah', 'perintah', 'wujud', 'guna', 'subsidi', 'sasar']"
911,"['terima', 'kasih', 'perintah', 'bagi', 'bantu', 'blt', 'bbm', 'masyarakat', 'pulau', 'bangka', 'belitung']"
912,"['blt', 'bbm', 'masyarakat', 'pulau', 'riau']"
913,"['salur', 'blt', 'bbm', 'langkah', 'perintah', 'wujud', 'guna', 'subsidi', 'sasar']"
914,"['blt', 'bbm', 'masyarakat', 'pulau', 'riau']"
915,"['ekonom', 'jawa', 'timur', 'dukung', 'blt', 'sasar', 'bantu', 'masyarakat']"
916,"['blt', 'bbm', 'dongkrak', 'daya', 'beli', 'masyarakat', 'gorontalo']"
917,"['salur', 'blt', 'bbm', 'langkah', 'perintah', 'wujud', 'guna', 'subsidi', 'sasar']"
918,"['blt', 'bbm', 'dipincarkan', 'perintah', 'pulau', 'bangka', 'belitung']"
919,"['blt', 'bbm', 'dongkrak', 'daya', 'beli', 'masyarakat']"
920,"['bijak', 'blt', 'bbm']"
921,"['blt', 'bbm', 'jaga', 'daya', 'beli', 'masyarakat', 'pulau', 'bangka', 'belitung']"
922,"['jokowi', 'langsung', 'membagibagikan', 'terima', 'blt', 'upah', 'daerah']"
923,"['blt', 'bbm', 'bantu', 'masyarakat']"
924,"['satu', 'dukung', 'blt', 'sasar', 'warga', 'jawa', 'timur', 'dukung', 'ber', 'terima', 'kasih']"
925,"['bantu', 'blt', 'bbm', 'sasar', 'banten']"
926,"['perintah', 'bantu', 'sosial', 'bansos', 'bantu', 'langsung', 'tunai', 'blt', 'subsidi', 'upah', 'menga']"
927,"['mantap', 'dukung', 'salur', 'blt', 'bbm', 'sasar']"
928,"['blt', 'bbm', 'tahap', 'cair']"
929,"['andalas', 'pulau', 'bangka', 'belitung', 'blt', 'bbm', 'dongkrak', 'daya', 'beli', 'masyarakat']"
930,"['salur', 'blt', 'bbm', 'langkah', 'perintah', 'wujud', 'guna', 'subsidi', 'sasar']"
931,"['blt', 'bbm', 'dongkrak', 'daya', 'beli', 'masyarakat', 'pulau', 'bangka', 'belitung']"
932,"['salur', 'blt', 'bbm', 'masyarakat', 'sejahtera']"
933,"['perintah', 'salur', 'blt', 'antisipasi', 'dampak', 'naik', 'minyak', 'dunia']"
934,"['pulau', 'bangka', 'belitung', 'perintah', 'upaya', 'maksimal', 'salur', 'blt', 'bbm']"
935,"['manfaat', 'guna', 'blt', 'bbm', 'banten']"
936,"['salur', 'blt', 'bbm', 'bukti', 'dampak', 'positif', 'sejahtera', 'masyarakat']"
937,"['ferdy', 'juang', 'tp', 'lo', 'depan', 'blthahahaha']"
938,"['blt', 'sasar', 'bantu', 'masyarakat', 'jawa', 'timur', 'dukung', 'positif']"
939,"['bantu', 'blt', 'bbm', 'sasar', 'banten']"
940,"['mantap', 'perintah', 'gencar', 'blt', 'bbm', 'pulau', 'bangka', 'belitung']"
941,"['langkah', 'perintah', 'salur', 'blt', 'bbm', 'bukti', 'efektif', 'tingkat', 'sejahtera', 'masyarakat']"
942,"['bagi', 'blt', 'bbm', 'sasar']"
943,"['pulau', 'bangka', 'belitung', 'manfaat', 'guna', 'blt', 'bbm']"
944,"['masyarakat', 'sejahtera', 'salur', 'blt', 'bbm']"
945,"['salur', 'blt', 'bbm', 'masyarakat', 'indonesia', 'sejahtera']"
946,"['manfaat', 'guna', 'blt', 'bbm', 'bijak']"
947,"['pulau', 'bangka', 'belitung', 'salur', 'blt', 'bbm']"
948,"['masyarakat', 'terima', 'kasih', 'perintah', 'salur', 'blt', 'bbm', 'sejahtera', 'masyarakat']"
949,"['jawa', 'timur', 'bantu', 'blt', 'sasar', 'mantap']"
950,"['manfaat', 'blt', 'bbm', 'bijak', 'pulau', 'bangka', 'belitung']"
951,"['blt', 'bbm', 'bentuk', 'peduli', 'perintah', 'masyarakat', 'pulau', 'bangka', 'belitung']"
952,"['pulau', 'bangka', 'belitung', 'salur', 'blt', 'bbm', 'efektif', 'bantu', 'ekonomi', 'masyarakat']"
953,"['blt', 'bbm', 'dampak', 'positif', 'masyarakat', 'pulau', 'bangka', 'belitung']"
954,"['pulau', 'bangka', 'belitung', 'blt', 'bbm', 'dampak', 'positif', 'masyarakat']"
955,"['masyarakat', 'kalimantan', 'kawal', 'sukses', 'blt', 'bbm', 'sasar', 'kalimantan']"
956,"['kalimantan', 'dukung', 'penuh', 'blt', 'bbm', 'sasar', 'kalimantan']"
957,"['blt', 'bbm', 'bantu', 'masyarakat', 'jawa', 'timur', 'terima', 'kasih', 'jokowi']"
958,"['subsidi', 'bbm', 'blt', 'sasar', 'sanbutan', 'dai', 'jawa', 'timur', 'duk']"
959,"['pulau', 'bangka', 'belitung', 'perintah', 'salur', 'blt', 'bbm']"
960,"['blt', 'bbm', 'manfaat', 'masyarakat', 'pulau', 'bangka', 'belitung']"
961,"['pulau', 'bangka', 'belitung', 'upaya', 'perintah', 'salur', 'blt', 'bbm']"
962,"['bro', 'lo', 'nyonyor', 'wajar', 'lha', 'kritisi', 'perintah', 'karna', 'satu']"
963,"['sesuai', 'harga', 'bbm', 'kalimantan', 'dukung', 'blt', 'bbm', 'kalimantan']"
964,"['warga', 'kalimantan', 'bantu', 'blt', 'perintah', 'kalimantan']"
965,"['kalimantan', 'dukung', 'perintah', 'salur', 'blt', 'bbm', 'kalimantan']"
966,"['sesuai', 'harga', 'bbm', 'kalimantan', 'dukung', 'blt', 'bbm', 'kalimantan']"
967,"['garda', 'terdepat', 'dukung', 'salur', 'blt', 'aceh', 'hadir', 'dukung']"
968,"['satu', 'dukung', 'blt', 'sasar', 'warga', 'jawa', 'timur', 'dukung', 'ber', 'terima', 'kasih']"
969,"['pulau', 'bangka', 'belitung', 'perintah', 'upaya', 'salur', 'blt', 'bbm']"
970,"['jokowi', 'langsung', 'membagibagikan', 'terima', 'blt', 'upah', 'daerah']"
971,"['perintah', 'bantu', 'sosial', 'bansos', 'bantu', 'langsung', 'tunai', 'blt', 'subsidi', 'upah', 'menga']"
972,"['jokowi', 'langsung', 'membagibagikan', 'terima', 'blt', 'upah', 'daerah']"
973,"['perintah', 'bantu', 'sosial', 'bansos', 'bantu', 'langsung', 'tunai', 'blt', 'subsidi', 'upah', 'menga']"
974,"['blt', 'bbm', 'dongkrak', 'daya', 'beli', 'masyarakat', 'indonesia', 'pulau', 'bangka', 'belitung']"
975,"['pulau', 'bangka', 'belitung', 'salur', 'blt', 'bbm', 'bantu', 'ekonomi', 'masyarakat']"
976,"['rakyat', 'terima', 'kasih', 'perintah', 'blt', 'bbm']"
977,"['blt', 'hamil', 'balita', 'cair', 'buru', 'simak', 'cek', 'nama', 'terima']"
978,"['blt', 'hamil', 'balita', 'cair', 'buru', 'simak', 'cek', 'nama', 'terima']"
979,"['perintah', 'blt', 'bbm', 'jambi', 'dukung', 'sesuai', 'harga', 'bbm']"
980,"['rakyat', 'terima', 'kasih', 'perintah', 'blt', 'bbm']"
981,"['lurah', 'manfaat', 'guna', 'blt', 'bbm', 'bijak']"
982,"['pulau', 'bangka', 'belitung', 'blt', 'bbm', 'dongkrak', 'daya', 'beli', 'masyarakat']"
983,"['masyarakat', 'jawa', 'timur', 'dukung', 'sambut', 'blt', 'sasar']"
984,"['blt', 'bbm', 'bahagia', 'rakyat']"
985,"['pulau', 'bangka', 'belitung', 'manfaat', 'guna', 'blt', 'bbm']"
986,"['manfaat', 'guna', 'blt', 'bbm']"
987,"['guna', 'blt', 'bbm', 'penting', 'masyarakat', 'pulau', 'bangka', 'belitung']"
988,"['lurah', 'blt', 'bbm', 'dongkrak', 'daya', 'beli', 'masyarakat']"
989,"['blt', 'bbm', 'dongkrak', 'daya', 'beli', 'masyarakat']"
990,"['blt', 'bbm', 'sasar', 'aceh', 'hadir', 'dukung']"
991,"['pulau', 'bangka', 'belitung', 'salur', 'blt', 'bbm']"
992,"['dukung', 'perintah', 'blt', 'bbm', 'bantu', 'masyarakat']"
993,"['blt', 'bbm', 'bantu', 'masyarakat', 'indonesia', 'pulau', 'bangka', 'belitung']"
994,"['terima', 'kasih', 'warga', 'jawa', 'timur', 'blt', 'sasar', 'bantu', 'rakyat']"
995,"['perintah', 'upaya', 'sejahtera', 'rakyat', 'blt', 'bbm']"
996,"['blt', 'bbm', 'sejahtera', 'rakyat', 'terima', 'kasih', 'presiden', 'jokowi']"
997,"['papua', 'barat', 'bijak', 'manfaat', 'blt', 'bbm', 'blt', 'bbm', 'blt', 'bbm', 'bantu', 'masyarakat']"
998,"['blt', 'sasar']"
999,"['salur', 'blt', 'bbm', 'bantu', 'masyarakat']"
