sentiment,final_tweet
0,lha maruk blt kelian orang
1,daftar blt bbm online hp aplikasi cek bansos cairkan bantuan rp
1,daftar blt bbm online hp aplikasi cek bansos cairkan bantuan rp
0,terbukti kadrun tabiat karakter pecundang senang merekayasa
1,siapsiap blt bbm cair november lihat nama penerima mu
1,jadwal pencairan bsu tahap beserta cek syarat pencairan penerima blt rp
1,pencairan bsu tahap cek penerima blt rp akses
0,baca berita bener drun progam blt pro rakyat miskin
0,blt masuk daftarnya gmn
0,blt sasaran
1,dicerot penerima blt bbm warga dawuhan wetan gruduk kantor balaidesa
1,terima kasih program blt blsm pemerintahan memban
1,kinasih kadrun menikmati bantuan sosial blt bpum dll pe
1,karan nat dirimi sekelas kesetnya jokowi loe kere kronis jokowi pintar dn kaya dr loe el
0,blt pkh
1,blt membantu masyarakat
0,blt sasaran rakyat
0,ribuan pengemudi surabaya blt bbm pemkot
1,mainlah kepelosok orang kaya raya lihatlah antrian blt
1,kpm bengkulu merasakan manfaat blt bbm
1,bansos menjaga daya beli masyarakat jambi dukung blt bbm sasaran
1,pembagian blt bbm bsu mudah cepat sasaran jambi dukung blt bbm sasaran
1,ayo bijak manfaatkan blt bbm jambi dukung blt bbm sasaran
1,blt bbm dongkrak daya beli masyarakat jambi dukung blt bbm sasaran
1,pemerintah berupaya perlindungan terbaik masyarakat jambi dukung blt bbm sasa
1,ekosistem pendataan perlindungan sosial terintegrasi jambi dukung blt bbm sasaran
1,pemerintah berupaya perlindungan terbaik masyarakat jambi dukung blt bbm sasa
-1,blt bbm cegah ancaman inflasi
-1,blt bbm cegah ancaman inflasi
-1,blt bbm cegah ancaman inflasi
-1,blt bbm cegah ancaman inflasi
0,lha maruk blt kelian orang
0,blt
1,cek penerima bsu tahap cair kantor pos login link cairkan blt subsidi gaji
0,puluhan warga desa dawuhan wetan lumajang protes dianulir penerima blt bbm verifikasi
0,blt belom turun
0,nyiar blt
-1,kebohongan menteri profesional ngutang blt copras capres
0,realisasikan blt bbm pemkot gelontorkan pengemudiangkot
0,langkah pemerintah blt bsu
0,id dumdum junjungan lu blt
0,jatim jokowi rajin blusukan duit blt nyampe pd bener susah
0,mengapresiasi penyaluran blt bbm tahap ii
0,bpum cair cek namamu dapatkan blt umkm rp
0,bpum cair cek namamu dapatkan blt umkm rp
0,id dumdum negara berkewajiban melayani melayani
1,robin dasar nunafik klau udah iri dengk
-1,naaaah kebukti pastinya rakyat tertekan kenaikan pahlaw
1,blt membantu
1,blt membantu
1,blt membantu
1,blt membantu
1,blt membantu
1,blt membantu
1,blt membantu
1,blt membantu
1,blt membantu
1,blt membantu
1,blt membantu
1,blt membantu
1,blt membantu
1,blt membantu
1,blt membantu
1,blt membantu
1,blt membantu
1,blt membantu
1,blt membantu
1,blt membantu
1,penyaluran bansos blt dampak positif
0,pemberian blt pemerintah berdampak thdp perputaran roda perekonomian
0,pemberian blt pemerintah berdampak thdp perputaran roda perekonomian
0,mengapresiasi penyaluran blt bbm tahap ii
0,pemberian blt pemerintah berdampak thdp perputaran roda perekonomian
1,cuman sodorka bojonegoro blora dpt penghargaan meteri negara ri adany
0,pemberian blt pemerintah berdampak thdp perputaran roda perekonomian
0,pemberian blt pemerintah berdampak thdp perputaran roda perekonomian
0,pemkot surabaya gerojok blt bbm rp pengemudi
0,pemberian blt pemerintah berdampak thdp perputaran roda perekonomian
0,cair rp ribu peroang perbulan
0,pemberian blt pemerintah berdampak thdp perputaran roda perekonomian
0,pemberian blt pemerintah berdampak thdp perputaran roda perekonomian
0,pemberian blt pemerintah berdampak thdp perputaran roda perekonomian
1,blt bbm bantalan sosial
0,prayoga pemberian blt pemerintah berdampak thdp perputaran roda perekonomian
0,pemberian blt pemerintah berdampak thdp perputaran roda perekonomian
0,pemberian blt pemerintah berdampak thdp perputaran roda perekonomian
0,pemberian blt pemerintah berdampak thdp perputaran roda perekonomian
0,pemberian blt pemerintah berdampak thdp perputaran roda perekonomian
0,pemberian blt pemerintah berdampak thdp perputaran roda perekonomian
0,penyaluran blt bbm persen dki jakarta
0,masyarakat apresiasi blt rakyat dki jakarta
0,alhamdulillah blt cair dki jakarta
1,mendukung program pemerintah percepat penyaluran blt wilayah dki jakarta
-1,tangani dampak inflasi pemkot surabaya gelontorkan rp miliar blt bbm pengemudi pemerintah kota pemkot
1,mantap blt cair semoga bermanfaat warga dki jakarta
1,mari dukung kawal penyaluran blt wilayah dki jakarta sasaran
1,asyik blt cair abangmpok ojol oktober dki jakarta
0,masyarakat mengapresiasi blt rakyat wilayah dki jakarta sasaran
0,mendukung pembagian blt sasaran dki jakarta
0,pemberian blt pemerintah berdampak thdp perputaran roda perekonomian
0,pembagian blt mudah sasaran dki jakarta
0,pemberian blt pemerintah berdampak thdp perputaran roda perekonomian
1,babinsa karangmojo serma suprapto giat pemberiah benih padi sumber dana blt dd apem desa karangmojo
1,masyarakat kategori blt balita cek nama penerima dapatkan rp
1,masyarakat kategori blt balita cek nama penerima dapatkan rp
0,pemberian blt pemerintah berdampak thdp perputaran roda perekonomian
0,moriya rena cover majalah blt graph vol rilis tanggal oktober
1,ayo bijak manfaatkan blt bbm
1,manfaatkan penggunaan blt bbm bijak
0,blt bbm dongkrak daya beli masyarakat
0,pemberian blt pemerintah berdampak thdp perputaran roda perekonomian
0,pemberian blt pemerintah berdampak thdp perputaran roda perekonomian
0,pemberian blt pemerintah berdampak thdp perputaran roda perekonomian
0,pemberian blt pemerintah berdampak thdp perputaran roda perekonomian
0,pemberian blt pemerintah berdampak thdp perputaran roda perekonomian
0,pemberian blt pemerintah berdampak thdp perputaran roda perekonomian
0,pemberian blt pemerintah berdampak thdp perputaran roda perekonomian
0,pemberian blt pemerintah berdampak thdp perputaran roda perekonomian
0,pemberian blt pemerintah berdampak thdp perputaran roda perekonomian
1,pengemudi transportasi halut terima blt bbm halmahera
-1,mengurangi dampak inflasi pemkot kota surabaya menyerahkan bantuan langsung tunai bahan bakar minyak blt bbm kep
0,pemberian blt pemerintah berdampak thdp perputaran roda perekonomian
1,top blt subsidi bbm terbukti ampuh mengendalikan laju inflasi
0,gsp mending elo sono antri blt nge bacot
0,gsp elo buzzerrp mending antri blt sono
1,cek penerima blt bbm tahap cair login
1,cek penerima blt bbm tahap cair login
-1,pemkot surabaya bagikan blt bbm pengemudi angkutan tekan inflasi
1,bsu tahap cair simak info jadwal pencairan blt subsidi gaji rp
1,bsu tahap cair simak info jadwal pencairan blt subsidi gaji rp
-1,presiden joko widodo tingkat inflasi ri tergolong rendah terkendali
0,remember blt
0,maunya blt
0,blt bbm jaga daya beli masyarakat
1,bantalan sosial blt subsidi bbm membuktikan laju inflasi terkendali
0,pembagian blt mudah sasaran dki jakarta
1,dukung kawal penyaluran blt dki jakarta
1,blt bbm sanagat bermanfaat dki jakarta
0,penyaluran blt bbm persen dki jakarta
0,masyarakat apresiasi blt rakyat dki jakarta
0,masyarakat apresiasi blt rakyat dki jakarta
0,hore blt cair dki jakarta
1,dukung pemerintah percepat penyaluran blt dki jakarta
1,mantap blt cair semoga bermanfaat dki jakarta
1,blt bbm sanagat bermanfaat dki jakarta
0,penyaluran blt bbm persen dki jakarta
1,dukung kawal penyaluran blt dki jakarta
1,asyik blt cair ojol oktober dki jakarta
0,masyarakat apresiasi blt rakyat dki jakarta
0,pembagian blt mudah sasaran dki jakarta
1,dukung blt sasaran dki jakarta
1,blt membantu perekonomian masyarakat dki jakarta indonesia
0,penyaluran blt bbm persen dki jakarta
1,dukung kawal penyaluran blt dki jakarta
0,masyarakat apresiasi blt pemerintah dki jakarta
0,pembagian blt mudah sasaran dki jakarta
1,dukung blt sasaran dki jakarta
0,prayoga blt subsidi bbm terbukti menjaga inflasi terjaga
1,naiknya harga bbm bersubsidi akibat penyesuaian harga pasca pengalihan anggaran subsidi diwujudkan da
0,bali tbn tl jatim pct mgtn bjn grk sb sda lmj bwi mla tla trg blt mlg jateng yk kndl smg kltn wngr sumsel lmp ntb
0,blt subsidi bbm ampuh kendalikan inflasi
0,gapapa lahh beli pertamina kek vivo kek kebijakan pemerintah mengalihkan subsidi bb
1,ayo manfaatkan penggunaan blt bbm bijak
0,diperhatikan penerimaan blt bbm jambi
0,mari bijak manfaatkan blt bbm suara bali
0,blt bbm dongkrak daya beli masyarakat jambi
0,pohan uang blt
1,pergunakan blt bijak
0,masyarakat terbantu blt
1,bijak manfaatkan blt bbm jambi
1,blt membantu masyarakat
1,pembagian blt bbm bsu mudah cepat sasaran jambi
0,penyaluran blt sasaran
1,blt bermanfaat masyarakat
0,alihsubsidi bbm sektor produktif blt bsu suara bali
1,mari bijak manfaatkan blt
0,presiden joko widodo arahan mengendalikan inflasi subsidi kenaikan tarif tra
1,pemerintah wujudkan alokasi subsidi sasaran menyalurkan blt bbm
1,pemerintah wujudkan alokasi subsidi sasaran menyalurkan blt bbm
1,pemerintah wujudkan alokasi subsidi sasaran menyalurkan blt bbm
1,pemerintah berupaya terbaik melindungi masyarakat daerah istimewa yogyakarta blt bbm
1,pemerintah wujudkan alokasi subsidi sasaran menyalurkan blt bbm
1,pemerintah wujudkan alokasi subsidi sasaran menyalurkan blt bbm
-1,heuhwuhwuhwu silahkan ambil blt mu dpn kantor pos bsk sampe ketinggalan
1,bansos menjaga masyarakat daerah istimewa yogyakarta blt bbm yogyakarta
1,blt bbm dongkrak daya beli masyarakat daerah istimewa yogyakarta blt bbm yogyakarta
1,masyarakat bijak memanfaatkan bltbbm daerah istimewa yogyakarta blt bbm yogyakarta
1,ayo bijak manfaatkan bltbbm daerah istimewa yogyakarta blt bbm yogyakarta
1,dukung penuh penyaluran blt bbm
0,tercatat ribu pengemudi surabaya jatah blt bbm total senilai rp miliar
1,bantuan langsung tunai blt bbm menjaga daya beli masyarakat antasipasi dampak
0,pemerintah upayakan blt sasaran
1,pembagian blt bbm bsu mudah cepat sasaran
1,lugo mengambil contoh pandemic blt subsidi upah
0,ojolnya nerima blt bbm beli yakkk wekekekek
-1,tanjung menteri status nkri eh ditangkap kpk ambil jatah blt rakyat miskin
1,sekretaris kota administrasi jakarta timur fredy setiawan memimpin rapat koordinasi terkait memaksimalkan penyalu
0,radikalisme nyata doktor terkait harga harga rakyat cerdas dampak krisis global berte
0,masyarakat jawa timur bersyukur penyaluran blt bbm jawa timur berjalan
1,terima kasih warga jawa timur senang blt bbm diber
1,subsidi jawa timur berjalan sasaran berkat blt
1,masyarakat jawa timur apresiasi dukung komitmen pemerintah pastikan dana blt mantap
1,ayoo gaess masyarakat lampung dukung kebijakan pemerintah perihal blt bbm
1,masyarakat lampung mendukung penuh kebijakan pemerintah blt bbm
0,lampung apresiasi kebijakan pemerintah blt bbm
1,masyarakat lampung mendukung kebijakan blt bbm
1,terimakasih jokowi blt bbm membantu masyarakat jawa timur berterima ka
1,penyeluran blt bbm memudahkan masyarakat membutuhkan masyarakat lampung mendukung blt
1,ayoo gaess masyarakat lampung dukung kebijakan pemerintah perihal blt bbm
0,mantap program blt dirasakan masyarakat jawa timur
1,masyarakat lampung mendukung penuh kebijakan pemerintah blt bbm
0,lampung apresiasi kebijakan pemerintah blt bbm
1,masyarakat lampung mendukung kebijakan blt bbm
1,masyarakat jawa timur apresiasi dukung komitmen pemerintah pastikan dana blt mantap tep
1,penyeluran blt bbm memudahkan masyarakat membutuhkan masyarakat lampung mendukung blt
1,ayoo gaess masyarakat lampung dukung kebijakan pemerintah perihal blt bbm
1,masyarakat lampung mendukung penuh kebijakan pemerintah blt bbm
-1,blt terbukti menahan inflasi menjaga daya beli kelompok rentan
0,lampung apresiasi kebijakan pemerintah blt bbm
1,masyarakat lampung mendukung kebijakan blt bbm
1,penyeluran blt bbm memudahkan masyarakat membutuhkan masyarakat lampung mendukung blt
1,ayoo gaess masyarakat lampung dukung kebijakan pemerintah perihal blt bbm
1,masyarakat lampung mendukung penuh kebijakan pemerintah blt bbm
0,lampung apresiasi kebijakan pemerintah blt bbm
1,masyarakat lampung mendukung kebijakan blt bbm
1,penyeluran blt bbm memudahkan masyarakat membutuhkan masyarakat lampung mendukung blt
1,ayoo gaess masyarakat lampung dukung kebijakan pemerintah perihal blt bbm
1,masyarakat lampung mendukung penuh kebijakan pemerintah blt bbm
0,lampung apresiasi kebijakan pemerintah blt bbm
1,masyarakat lampung mendukung kebijakan blt bbm
1,penyeluran blt bbm memudahkan masyarakat membutuhkan masyarakat lampung mendukung blt
1,ayoo gaess masyarakat lampung dukung kebijakan pemerintah perihal blt bbm
1,masyarakat lampung mendukung penuh kebijakan pemerintah blt bbm
0,lampung apresiasi kebijakan pemerintah blt bbm
1,masyarakat lampung mendukung kebijakan blt bbm
0,mahasiswa wakil rakyat jawa timur dukung penyaluran bansos blt
1,penyeluran blt bbm memudahkan masyarakat membutuhkan masyarakat lampung mendukung blt
1,ayoo gaess masyarakat lampung dukung kebijakan pemerintah perihal blt bbm
1,masyarakat lampung mendukung penuh kebijakan pemerintah blt bbm
0,lampung apresiasi kebijakan pemerintah blt bbm
1,masyarakat lampung mendukung kebijakan blt bbm
-1,eri cahyadi atasi dampak inflasi gelontorkan rp blt bbm kepengemudi
1,penyeluran blt bbm memudahkan masyarakat membutuhkan masyarakat lampung mendukung blt
0,presiden serahkan bsu blt bbm kota bandung oktober
1,blt membantu masyarakat jawa timur
0,mahasiswa wakil rakyat jawa timur dukung penyaluran bansos blt
1,manfaatkan penggunaan blt bbm bijak
-1,penyesuaian harga bbm berdampak signifikan inflasi pengendalian inflasi
0,blt emang duit nenek lu
0,trimakasih blt jokowi masyarakat jawa timur terbantu
0,daftar bansos online cairkan blt balita hamil tahap
0,daftar bansos online cairkan blt balita hamil tahap
1,mi ayam blt enak
0,blt cuan lg
0,blt bbm dongkrak daya beli masyarakat kalimantan
1,manfaatkan penggunaan blt bbm bijak kalimantan
1,ayo bijak manfaatkan blt bbm kalimantan
0,blt bbm dongkrak daya beli masyarakat kalimantan
1,blt bbm dongkrak daya beli masyarakat kepulauan riau dukung blt bbm
1,manfaatkan penggunaan blt bbm bijak kalimantan
1,ayo bijak manfaatkan blt bbm kalimantan
1,manfaatkan blt bbm bijak kepulauan riau dukung blt bbm
-1,pemerintah berusaha mengendalikan inflasi akibat penyesuaian harga bbm harga barangbarang pasar mengalam
1,bijak manfaatkan blt bbm kepulauan riau dukung blt bbm
1,kabar gembira blt bbm tahap cair
-1,pasca penyesuaian harga bbm pemerintah memiliki strategi jitu memburuk inflasi parah
1,kabar gembira blt bbm tahap cair
1,kabar gembira blt bbm tahap cair
1,kabar gembira blt bbm tahap cair
1,kabar gembira blt bbm tahap cair
0,pemerintah blt bbm warga jambi
1,bantalan sosial subsidi blt bbm menjaga tingkat laju inflasi laju inflasi
-1,penyesuaian harga bbm berdampak pd inflasi langkah pengendalian inflasi pasca penyesuaian harga bbm dian
1,pemeritah siapkan bantuan blt bbm subsidi upah pasca kenaikan harga bbm jambi
0,penyaluran blt bbm apresiasi masyarakat
0,penyaluran blt bbm apresiasi masyarakat
0,penyaluran blt bbm apresiasi masyarakat
0,penyaluran blt bbm apresiasi masyarakat
0,blt bbm dongkrak daya beli masyarakat kalimantan
1,manfaatkan penggunaan blt bbm bijak kalimantan
1,ayo bijak manfaatkan blt bbm kalimantan
1,upaya pemerintah blt bbm bantalan sosial masyarakat
1,sumsel keluarga penerima manfaat kpm blt bbm
1,masyarakat jawa timur berterima kasih presiden jokowi penyalur
1,blt bbm dukung pertumbuhan ekonomi jawa timur
1,blt membantu masyarakat jawa timur
1,dukung kawal penyaluran blt dki jakarta
1,blt hak rakyat indonesia terima kasih presiden pemerintah
1,blt bbm sanagat bermanfaat dki jakarta
1,blt hak rakyat indonesia terima kasih presiden pemerintah
1,blt hak rakyat indonesia terima kasih presiden pemerintah
0,penyaluran blt bbm persen dki jakarta
1,blt hak rakyat indonesia terima kasih presiden pemerintah
0,masyarakat apresiasi blt rakyat dki jakarta
0,hore blt cair dki jakarta
1,dukung pemerintah percepat penyaluran blt dki jakarta
1,mantap blt cair semoga bermanfaat dki jakarta
1,blt bbm sanagat bermanfaat dki jakarta
0,penyaluran blt bbm persen dki jakarta
1,dukung kawal penyaluran blt dki jakarta
1,asyik blt cair ojol oktober dki jakarta
0,masyarakat apresiasi blt rakyat dki jakarta
1,masyarakat jawa timur sambut blt bbm pemerintah
0,pembagian blt mudah sasaran dki jakarta
1,dukung blt sasaran dki jakarta
1,dukung blt membantu masyrakat jawa timur
1,blt membantu masyarakat jawa timur
1,blt bbm dukung pertumbuhan ekonomi jawa timur
-1,blt cair sasaran rakyat khawatir
1,terimakasih blt bbm jawa timur bahagia
1,ardi masyarakat jawa timur apresiasi dukung komitmen pemerintah pastikan dana blt ma
1,terimakasih blt bbm jawa timur bahagia
1,blt bbm bantuan sasaran
0,bersyukur blt bbm blt
0,pemerintah gencar menyalurkan blt bbm masyarakat
1,masyarakat jawa timur mendukung blt bbm sasaran
1,blt tukang becakojol cair komunitas ojol jawa timur dukung penyaluran blt
0,blt bbm meringankan beban masyarakat
1,blt efektif sasaran
1,ayo bijak manfaatkan blt bbm sumatera utara
1,masyarakat jawa timur sambut blt bbm pemerintah
1,dukung penyaluran blt
1,manfaatkan penggunaan blt bbm bijak sumatera utara
1,dukung blt membantu masyrakat jawa timur
1,mantap semoga cepat selesai sasaran daerah istimewa yogyakarta blt bbm yogyakarta
1,blt bbm bermanfaat masyarakat daerah istimewa yogyakarta blt bbm yogyakarta
1,masyarakat memahami keputusan sulit diambil pemerintah daerah istimewa yogyakarta blt bbm yogyaka
1,jokowi salurkan blt bbm jt penerima daerah istimewa yogyakarta blt bbm yogyakarta
0,blt bbm bukti kehadiran negara bantu masyarakat rentan daerah istimewa yogyakarta blt bbm yogyakarta
1,harga bbm disesuaikan pemerintah siapkan bantuan blt bsu daerah istimewa yogyakarta blt bbm yogyakarta
1,pemerintah salutkan blt bbm tahap daerah istimewa yogyakarta blt bbm yogyakarta
1,ardi terimakasih jokowi blt bbm membantu masyarakat jawa timur berterima kasih
1,nusa tenggara timur manfaat blt bbm rasakan masyarakat
0,blt bbm dongkrak daya beli masyarakat sumatera utara
0,mantap program blt dirasakan masyarakat jawa timur
1,masyarakat jawa timur mendukung blt bbm sasaran
1,ardi pemerintah berhasil salurkan blt bbm merata jawa timur
1,ardi blt bbm tangan masyarakat jawa timur bawa kebahagiaan mantap dukung
0,ardi warga jawa timur terbantu blt
1,ardi terimakasih blt bbm jawa timur bahagia
1,pemerintah berhasil salurkan blt bbm merata jawa timur dirasakan dam
1,dukung blt sasaran dki jakarta
0,pembagian blt mudah sasaran dki jakarta
0,masyarakat apresiasi blt rakyat dki jakarta
1,cok blt bbm dukung pertumbuhan ekonomi jawa timur
1,ardi terima kasih warga jawa timur senang blt bbm diberika
1,asyik blt cair ojol oktober dki jakarta
1,dukung kawal penyaluran blt dki jakarta
1,ardi pemerintah berhasil salurkan blt bbm merata jawa timur dirasakan dampak
0,penyaluran blt bbm persen dki jakarta
1,blt bbm sanagat bermanfaat dki jakarta
1,mantap blt cair semoga bermanfaat dki jakarta
1,dukung pemerintah percepat penyaluran blt dki jakarta
0,hore blt cair dki jakarta
0,warga jawa timur terbantu blt
0,masyarakat apresiasi blt rakyat dki jakarta
1,blt bbm dukung pertumbuhan ekonomi jawa timur
1,dukung blt membantu masyrakat jawa timur
0,warga jawa timur terbantu blt
0,penyaluran blt bbm persen dki jakarta
1,blt bbm sanagat bermanfaat dki jakarta
1,dukung kawal penyaluran blt dki jakarta
0,pembagian blt mudah sasaran dki jakarta
1,manfaatkan penggunaan blt bbm bijak yaa
1,ayo bijak manfaatkan blt bbm
0,warga jawa timur terbantu blt
0,blt bantu kegiatan perekonomian masyarakat
0,manfaatkan penggunaan blt bbm dki jakarta
1,blt membantu dki jakarta
1,ardi jawa timur dukung blt sasaran
1,bijak blt dki jakarta
0,blt bbm dongkrak daya beli dki jakarta
1,ayo bijak manfaarkan blt bbm dki jakarta
0,blt bbm donkrak daya beli masyarakat
1,pemerintah berhasil salurkan blt bbm merata jawa timur dirasakan dampak positif
0,mantap program blt dirasakan masyarakat jawa timur
0,pemerintah pastikan blt sasaran rakyat jawa timur merasakannya
1,manfaatkan penggunaan blt bbm bijak yaa
1,ayo bijak manfaatkan blt bbm
1,terima kasih warga jawa timur senang blt bbm mantap
0,blt bantu kegiatan perekonomian masyarakat
0,pemerintah pastikan blt sasaran rakyat jawa timur merasakannya
1,blt tukang becakojol cair komunitas ojol jawa timur dukung penyaluran blt
1,bantuan produktif usaha mikro bantuan sosial tunai blt dana desa program kartu pra kerja ditingkatk
1,blt bbm manfaat nyaa
1,masyarakat nusa tenggara timur mendukung program blt bbm membantu ekonomi masyarakat
0,blt bbm dongkrak daya beli masyarakat
1,bijak manfaatkan blt bbm
1,pembagian blt bbm bsu mudah cepat sasaran apel pagi
1,bantuan langsung tunai blt bbm menjaga daya beli masyarakat sebagi antasipasi dampak
1,manfaat penggunaan blt bbm bijak
0,robin demo dikit demo nganggur be
0,masyarakat apresiasi blt bbm pemerintah
1,dukung pemerintah menyalurkan blt tukang becak ojol
1,dukung penyaluran blt bbm masyarakat
0,blt bbm dongkrak daya beli masyarakat apel pagi
0,masyarakat apresiasi blt bbm pemerintah
1,manfaat penggunaan blt bbm bijak papua barat mendukung blt bbm
1,manfaat penggunaan blt bbm bijak papua barat mendukung blt bbm
1,manfaat penggunaan blt bbm bijak papua barat mendukung blt bbm
1,manfaat penggunaan blt bbm bijak papua barat mendukung blt bbm
1,manfaat penggunaan blt bbm bijak papua barat mendukung blt bbm
1,dukung pemerintah menyalurkan blt tukang becak ojol
0,manfaatkan penggunaan blt bbm apel pagi
0,keputusan jokowi bagikan blt bbm
1,ayo bijak manfaatkan blt bbm apel pagi
1,dukung pemerintah menyalurkan blt tukang becak ojol
1,subsidi blt bbm membantu
1,dukung pemerintah menyalurkan blt tukang becak ojol
0,blt bbm lindungi rakyat gejolak harga global
1,dukung penyaluran blt bbm masyarakat
1,dukung penyaluran blt bbm masyarakat
1,bijak konsumsi blt bbm
0,masyarakat apresiasi blt bbm pemerintah
0,keputusan jokowi bagikan blt bbm
1,dukung pemerintah menyalurkan blt tukang becak ojol
0,blt bbm dongkrak daya beli masyarakat
1,ayo manfaatkan blt bbm positif
1,blt membantu masyarakat jawa timur
0,blt bbm dongkrak daya beli masyarakat
1,cok masyarakat jawa timur mendukung blt bbm sasaran
1,pemerintah berhasil salurkan blt bbm merata jawa timur dirasakan dampa
1,bantuan blt membantu masyarakat nusa tenggara timur
1,pemerintah berhasil salurkan blt bbm merata jawa timur
1,manfaatkan penggunaan blt bbm bijak sulawesi barat
1,blt bbm dukung pertumbuhan ekonomi jawa timur
1,bijak blt bbm
1,ayo bijak manfaatkan blt bbm sumatera utara
1,manfaatkan penggunaan blt bbm bijak
1,info warga nusa tenggara barat berterima kasih terbantu blt bbm
1,info warga nusa tenggara barat berterima kasih terbantu blt bbm
1,info warga nusa tenggara barat berterima kasih terbantu blt bbm
1,info warga nusa tenggara barat berterima kasih terbantu blt bbm
1,info warga nusa tenggara barat berterima kasih terbantu blt bbm
0,ardi warga jawa timur terbantu blt
1,info blt sasaran masyarakat nusa tenggara barat menikmati manfaatnya
1,info blt sasaran masyarakat nusa tenggara barat menikmati manfaatnya
1,info blt sasaran masyarakat nusa tenggara barat menikmati manfaatnya
1,presiden ri modal modal kerja blt bbm sumatera utara
1,info blt sasaran masyarakat nusa tenggara barat menikmati manfaatnya
1,info blt sasaran masyarakat nusa tenggara barat menikmati manfaatnya
1,blt bbm dukung pertumbuhan ekonomi jawa timur
1,info masyarakat nusa tenggara barat mendukung blt bbm efektif bantu masyarakat
0,mantap nominal blt bbm ditambah presiden joko widodo sumatera utara
1,info masyarakat nusa tenggara barat mendukung blt bbm efektif bantu masyarakat
1,info masyarakat nusa tenggara barat mendukung blt bbm efektif bantu masyarakat
1,info masyarakat nusa tenggara barat mendukung blt bbm efektif bantu masyarakat
1,cok terimakasih jokowi bantuan jawa timur blt bukti kehadiran pemerintah teng
1,menerima blt
0,pemerintah behasil salurkan blt bbm merata wilayah sumatera utara
1,ardi pemerintah berhasil salurkan blt bbm merata jawa timur
1,masyarakat jawa timur berterima kasih presiden jokowi penyaluran blt bbm
1,pemerintah menyalurkan blt bbm cepat sasaran
-1,blt bbm bsu masyarakat meringakan beban masyarakat
0,blt bbm mendongkrak daya beli masyarakat
0,warga jawa timur terbantu blt
1,pemerintah blt bbm masyarakat cepat mudah sasaran
1,pengalihan subsidi bbm blt bbm lindungi masyarakat gejolak harga global sumatera utara
1,ayo bijak manfaatkan blt bbm pemerintah
1,masyarakat jawa timur menerima blt bbm
0,ardi warga jawa timur terbantu blt
1,penerima blt gunakanlah blt bermanfaat sumatera utara
1,jokowi langsung membagibagikan penerima blt upah daerah
-1,blt bbm wujud perhatian pemerintah rakyat sumatera utara
0,woow nomonial blt ditambah gaes
1,manfaatkangunakan blt pemerintah bermanfaat sumatera utara
0,blt bbm dongkrak daya beli masyarakat
1,terimakasih jokowi bantuan jawa timur blt bukti kehadiran pe
-1,masyarakat rentan terbantu blt bbm
0,penyaluran blt bbm dinilai sasaran
1,blt bbm meringankan ekonmi masyarakat
0,cok masyarakat jawa timur dukung percepatan pembagian blt
0,blt bbm disalurkan progres persen sumatera utara
1,presiden menjamin blt bbm sasaran sumatera utara
0,warga jawa timur terbantu blt
1,manfaatkan penggunaan blt bbm bijak
0,terimakasih presiden jokowi percepat distribusi blt bbm sumatera utara
1,pemerintah jg bansos blt subsidi upah mengatasi dampak kenaikan bbm
1,ayo bijak memanfaatkan blt bbm
0,miliar blt dibagikan masyarakat
0,jokowi memantau langsung pemberian blt bbm
0,gagasan bsu blt kebijakan pemerintah selamatkan masyarakat sumatera utara
1,blt bbm disalurkan cepat
-1,masyarakat rentan terbantu blt bbm
0,pemerintah pastikan blt sasaran rakyat jawa timur merasakannya
0,blt bbm sasaran sulawesi selat
0,blt bbm menjaga daya tahan beli masyarakat
0,blt bbm langkah subusidi
1,jokowi menambah nominal blt bbm
0,mantaap nomininal blt bbm ditambah
1,terimakasih jokowi bantuan jawa timur blt bukti kehadiran
0,masyarakat sumatera utara alhamdulillah blt bbm cair november
0,masyarakat sumatera utara alhamdulillah blt bbm cair november
0,blt bbm mendongkrak daya beli masyarakat
0,pembagian blt bbm bsu cepat sasaran
0,manfaatkan blt bbm sebijak
1,terimakasih jokowi bantuan jawa timur blt bukti kehadiran pem
0,pemerintah memasktikan distribusi blt bbm terlewat
0,jokowi mempercepat distribusi blt bbm
1,pemerintah menyalurkan blt bbm masif cepat aman
0,woow nomonial blt ditambah gaes
1,pemerintah menyalurkan blt bbm masif cepat aman
1,blt bbm positif
-1,masyarakat rentan terbantu blt bbm
1,pemerintah menyalurkan blt bbm masif cepat aman
0,penyaluran blt bbm dinilai sasaran
0,pemerintah pastikan blt sasaran rakyat jawa timur merasakannya
1,blt bbm meringankan ekonmi masyarakat
1,pemerintah menyalurkan blt bbm masif cepat aman
1,blt bbm efektif bantu masyarakat
0,miliar blt dibagikan masyarakat
1,pemerintah menyalurkan blt bbm masif cepat aman
1,pemerintah menyalurkan blt bbm cepat sasaran
1,pemerintah menyalurkan blt bbm cepat sasaran
1,pemerintah menyalurkan blt bbm cepat sasaran
1,pemerintah menyalurkan blt bbm cepat sasaran
1,pemerintah menyalurkan blt bbm cepat sasaran
1,pemerintah menyalurkan blt bbm cepat sasaran
0,jokowi memantau langsung pemberian blt bbm
1,pemerintah menyalurkan blt bbm masif cepat aman
0,blt bbm solusi
1,blt bbm disalurkan cepat
-1,masyarakat rentan terbantu blt bbm
-1,blt bbm bsu masyarakat meringakan beban masyarakat
-1,blt bbm bsu masyarakat meringakan beban masyarakat
-1,blt bbm bsu masyarakat meringakan beban masyarakat
-1,blt bbm bsu masyarakat meringakan beban masyarakat
-1,blt bbm bsu masyarakat meringakan beban masyarakat
-1,blt bbm bsu masyarakat meringakan beban masyarakat
1,blt bbm bijak kawan semangatt
0,blt bbm sasaran sulawesi selat
1,blt bbm bijak kawan semangatt
0,blt bbm menjaga daya tahan beli masyarakat
1,blt bbm bijak blt bbm efektif bantu masyarakat
0,blt bbm langkah subusidi
1,blt bbm bijak kawan semangatt
0,blt bbm mendongkrak daya beli masyarakat
0,blt bbm mendongkrak daya beli masyarakat
0,blt bbm mendongkrak daya beli masyarakat
1,jokowi menambah nominal blt bbm
0,blt bbm mendongkrak daya beli masyarakat
0,blt bbm mendongkrak daya beli masyarakat
0,blt bbm mendongkrak daya beli masyarakat
1,bansos lindungi masyarakat blt bbm efektif bantu masyarakat
0,mantaap nomininal blt bbm ditambah
1,bijak manfaatkan blt blt bbm efektif bantu masyarakat
1,dukung penyaluran blt bbm masyarakat
0,pembangian blt bbm merata masyarakat indonesia nusa tenggara timur
1,dukung penyaluran blt bbm masyarakat
1,dukung penyaluran blt bbm masyarakat
1,bijak manfaatkan blt bbm blt bbm efektif bantu masyarakat
1,dukung penyaluran blt bbm masyarakat
1,dukung penyaluran blt bbm masyarakat
1,dukung penyaluran blt bbm masyarakat
1,pemerintah blt bbm masyarakat cepat mudah sasaran
1,dukung penyaluran blt bbm masyarakat
1,pemerintah blt bbm masyarakat cepat mudah sasaran
1,pemerintah blt bbm masyarakat cepat mudah sasaran
1,pemerintah blt bbm masyarakat cepat mudah sasaran
1,pemerintah blt bbm masyarakat cepat mudah sasaran
1,dukung penyaluran blt bbm masyarakat
1,pemerintah blt bbm masyarakat cepat mudah sasaran
1,dukung penyaluran blt bbm masyarakat
1,dukung penyaluran blt bbm masyarakat
1,dukung penyaluran blt bbm masyarakat
1,dukung penyaluran blt bbm masyarakat
0,blt jawa timur berjalan lancar
1,dukung penyaluran blt bbm masyarakat
1,ayo bijak manfaatkan blt bbm pemerintah
1,ayo bijak manfaatkan blt bbm pemerintah
1,ayo bijak manfaatkan blt bbm pemerintah
1,ayo bijak manfaatkan blt bbm pemerintah
1,ayo bijak manfaatkan blt bbm pemerintah
1,ayo bijak manfaatkan blt bbm pemerintah
1,ayo bijak manfaatkan blt bbm pemerintah
1,semangat blt bbm bijak
0,manfaatkan blt bbm
1,arek suroboyo jawa timur bahagia bersyukur blt
0,blt bbm masyarakat
1,alhamdulilah lumayan entuk kartune masio entuk blt ne
1,serda wahyu hermanto babinsa adimulyo kodim kbm mendampingi warga binaannya menerima bantuan langsung
0,jokowi percepat distribusi blt bbm
0,pemerintah blt sasaran
0,ayo manfaatkan blt bbm
1,ardi warga jawa timur bersyukur bahagia terima blt bbm
0,ardi masyarakat jawa timur dukung percepatan pembagian blt
0,pemerintah upayakan blt sasaran
0,arek suroboyo jawa timur kawal penyaluran blt lancar
0,blt bbm tersalurkan
1,masyarakat jawa timur berterima kasih presiden jokowi penyaluran blt bbm
0,aduuh mah emosi jiwa raga maap nihbistrinya hmmm blt
0,blt bbm disebar
1,arek suroboyo jawa timur bahagia bersyukur blt
1,blt bbm dukung pertumbuhan ekonomi jawa timur
0,blt bbm bantu masyarakat
0,arek suroboyo jawa timur kawal penyaluran blt lancar
1,terima kasih masyarakat jawa timur senang blt bbm manta
0,hore blt cair dki jakarta
1,dukung pemerintah percepat penyaluran blt dki jakarta
1,mantap blt cair semoga bermanfaat dki jakarta
1,blt bbm sanagat bermanfaat dki jakarta
0,penyaluran blt bbm persen dki jakarta
1,dukung kawal penyaluran blt dki jakarta
1,asyik blt cair ojol oktober dki jakarta
0,masyarakat apresiasi blt rakyat dki jakarta
0,pembagian blt mudah sasaran dki jakarta
1,dukung blt sasaran dki jakarta
0,pembangian blt bbm merata masyarakat indonesia nusa tenggara timur
1,masyarakat jawa timur mendukung blt bbm sasaran
1,warga jawa timur bersyukur bahagia terima blt bbm
1,blt membantu masyarakat jawa timur
0,daya beli masyarakat terkendali karna blt
1,ardi warga jawa timur bersyukur bahagia terima blt bbm
1,ardi blt membantu masyarakat jawa timur
1,blt bbm bijak
0,asikkk blt cairr
0,blt dongkrak daya beli masyarakat
0,yuk manfaatkan blt
1,warga jawa timur bersyukur bahagia terima blt bbm
1,terima kasih masyarakat jawa timur senang blt bbm manta
0,blt bbm mendongkrak daya beli masyarakat
1,manfaatkan blt bbm bijak
1,arek suroboyo jawa timur bahagia bersyukur blt
1,ayo bijak manfaatkan blt bbm
1,ardi blt membantu masyarakat jawa timur
1,ardi arek jawa timur ber terima kasih pemerintah penyaluran blt tep
1,masyarakat jawa timur senang blt sasaran bermanfaat kebutuhan seharihari
1,arek jawa timur ber terima kasih pemerintah penyaluran blt sasaran
1,dukung blt bbm
0,blt bbm dongkrak daya beli masyarakat
1,manfaatkan penggunaan blt bbm bijak
1,ardi masyarakat jawa timur sambut blt bbm pemerintah
0,blt bbm dongkrak beli masyarakat
1,aceh hadir mendukung proeses distribusi blt dipercepat aceh
1,ayo bijak manfaatkan blt bbm
1,manfaatkan penggunaan blt bbm bijak
1,blt bbm bijak
1,aceh hadir mendukung masyarakat ijak blt aceh
1,ayo bijak manfaatkan blt bbm
0,ardi asosiasi ojol jawa timur apresiasi blt bbm bantu ringankan ekonomi mere
1,ardi masyarakat jawa timur berterima kasih presiden jokowi penyaluran
0,pakai blt bbm beli hp
0,takalarbabinsa koramil marbo desa tope jawa sertu jafri melaksanakan pemantauan penyaluran bl
0,blt jawa timur berjalan lancar
1,ayo bijak manfaatkan blt bbm
1,ardi blt bbm dukung pertumbuhan ekonomi jawa timur
1,subsidi jawa timur berjalan sasaran berkat blt
0,semoga daya beli masyarakat terbantu blt bbm
1,ayoo bijak blt bbm
0,blt bbm menjaga ekonomi masyarakat
1,manfaatkan pengunaan blt bbm bijak gaya hidup
0,dukung pemerintah pembagian blt bbm bengkulu
0,manfaat blt bbm malu menjaga ekonomi masyarakat
1,ardi blt bbm tangan masyarakat jawa timur bawa kebahagiaan mantap dukung
0,dampak harga minyak dunia pemerintah salurkan blt bbm bsu
1,manfaatkan penggunaan blt bbm bijak bengkulu
1,penyaluran blt sasaran bismillah kemajuan bangsa jaga apbn aceh hadir mendukung
1,penyaluran blt sasaran bismillah kemajuan bangsa jaga apbn aceh hadir mendukung
0,blt bbm dongkrak daya beli
1,masyarakat jawa timur berterima kasih presiden jokowi penyaluran blt bbm
1,blt bbm membantu masyarakat daerah gorontalo
1,ayo bijak manfaatkan blt bbm bengkulu
1,terimakasih blt bbm aceh menerima blt bbm aceh hadir mendukung
1,terimakasih blt bbm aceh menerima blt bbm aceh hadir mendukung
0,blt bbm dongkrak daya beli masyarakat bengkulu
1,blt bbm membantu masyarakat daerah gorontalo
1,ardi dukung blt membantu masyrakat jawa timur
1,cepat sasaran kalimantan dukung blt bbm
1,mudah kalimantan dukung blt bbm
1,bijak manfaatkan kalimantan dukung blt bbm
1,blt membantu masyarakat
0,marm penikmat blt
1,cepat sasaran kalimantan dukung blt bbm
1,mudah kalimantan dukung blt bbm
1,bijak manfaatkan kalimantan dukung blt bbm
0,penyesuaian harga bbm berdampak inflasi pemerintah menyalurkan bantuan langsung tunai blt yan
1,blt tukang becakojol cair komunitas ojol jawa timur dukung penyaluran blt
1,cepat sasaran kalimantan dukung blt bbm
1,mudah kalimantan dukung blt bbm
1,bijak manfaatkan kalimantan dukung blt bbm
1,cepat sasaran kalimantan dukung blt bbm
1,mudah kalimantan dukung blt bbm
1,bijak manfaatkan kalimantan dukung blt bbm
1,cepat sasaran kalimantan dukung blt bbm
1,mudah kalimantan dukung blt bbm
1,bijak manfaatkan kalimantan dukung blt bbm
1,dukung blt membantu masyrakat jawa timur
1,blt bbm bermanfaat mantap
1,blt bbm bermanfaat mantap
0,dibawa sektor dialihkan blt manfaatnya berasa
0,blt bbm mendongkrak daya beli masyarakat
0,blt bbm menjaga daya beli masyarakat senagai antisipasi penyesuaian harga bbm
1,ardi jawa timur dukung blt sasaran
0,masyarakat kalimantan kawal sukseskan blt bbm sasaran kalimantan
0,josss banget blt bbm bantu ekonomi masyarakat
1,ardi blt bbm dukung pertumbuhan ekonomi jawa timur
0,pembagian blt mudah sasaran dki jakarta
1,dukung kawal penyaluran blt dki jakarta
1,blt bbm sanagat bermanfaat dki jakarta
0,penyaluran blt bbm persen dki jakarta
0,masyarakat apresiasi blt rakyat dki jakarta
0,hore blt cair dki jakarta
1,dukung pemerintah percepat penyaluran blt dki jakarta
1,mantap blt cair semoga bermanfaat dki jakarta
1,blt bbm sanagat bermanfaat dki jakarta
0,penyaluran blt bbm persen dki jakarta
1,dukung kawal penyaluran blt dki jakarta
1,asyik blt cair ojol oktober dki jakarta
0,masyarakat apresiasi blt rakyat dki jakarta
0,pembagian blt mudah sasaran dki jakarta
1,dukung blt sasaran dki jakarta
1,bangga banget lolos resesi berkat blt bbm
1,blt bbm subsidi berkeadilan
1,blt bbm tangan masyarakat jawa timur bawa kebahagiaan mantap dukung program
1,kepulauan bangka belitung ayo bijak manfaatkan blt bbm
1,terimakasih blt bbm jawa timur bahagia
0,blt bbm tingkatkan daya beli masyarakat
1,berkat blt mayoritas masyarakat puas kinerja jokowi
1,ardi dukung blt membantu masyrakat jawa timur
1,masyarakat aceh terbantu bantuan blt sasaran aceh hadir mendukung
1,dukung penyaluran blt bbm masyarakat
1,masyarakat aceh terbantu bantuan blt sasaran aceh hadir mendukung
0,blt jawa timur berjalan lancar
1,dukung pemerintah menyalurkan blt tukang becak ojol
0,blt bbm lindungi rakyat gejolak harga global
0,blt bbm bukti perhatian pemerintah masyarakat menengah kebawah aceh hadir mendukung
1,jawa dukung penyaluran blt
1,jawa dukung penyaluran blt
0,blt bbm bukti perhatian pemerintah masyarakat menengah kebawah aceh hadir mendukung
1,dukung penyaluran blt bbm masyarakat
0,keputusan jokowi bagikan blt bbm
1,blt tukang becakojol cair komunitas ojol jawa timur dukung penyaluran blt
1,dukung pemerintah menyalurkan blt tukang becak ojol
1,arek jawa timur ber terima kasih pemerintah penyaluran blt
0,keputusan jokowi bagikan blt bbm
1,masyarakat gorontalo merasakan manfaat blt bbm terima kasih pemerintah
1,dukung pemerintah menyalurkan blt tukang becak ojol
0,blt bbm lindungi rakyat gejolak harga global
1,dukung penyaluran blt bbm masyarakat
0,presiden jokowi serahkan langsung blt bbm bsu kantor pos
0,blt bbm salah penerapan subsidi sasaran
0,keputusan jokowi bagikan blt bbm
1,dukung pemerintah menyalurkan blt tukang becak ojol
1,presiden jokowi percepat distribusi blt bbm blt bbm efektif bantu masyarakat
0,khawatir pemerintah anggarkan apbn bantu masyarakat blt bbm efektif bantu masyarakat
0,blt bbm bentuk kepedulian pemerintah masyarakat kepulauan bangka belitung
1,arek suroboyo jawa timur bahagia bersyukur blt
1,perlindungan sosial blt sasaran
1,blt bbm tangan masyarakat jawa timur bawa kebahagiaan mantap dukung program
1,manfaatkan penggunaan blt bbm bijak
1,mengenal bantuan sosial pemerintah blt bbm efektif bantu masyarakat
0,blt bbm dongkrak daya beli masyarakat
1,pemerintah berupaya perlindungan terbaik masyarakat
1,wujudkan masyarakat sejahtera pemberian blt sasaran penerima manfaat
1,blt bbm pelindung kesejahteraan masyarakat terima kasih pemerintah sumatera barat
1,ayo bijak manfaatkan blt bbm
-1,ojol bkn sekedar ojol jln daerah menganalisa peetanyaan masyarakat miskin da
0,bansos
0,pemerintah berupaya sejahterakan rakyat blt bbm
1,ayo bijak manfaatkan blt bbm
1,manfaatkan penggunaan blt bbm bijak
0,blt bbm dorong daya beli masyarakat kepulauan bangka belitung
0,khawatir pemerintah anggarkan apbn bantu masyarakat blt bbm efektif bantu masyarakat
0,pemerintah salurkan blt bbm daerah indonesia masyarakat sejahtera sumatera barat
1,ayo bijak blt bbm blt bbm dongkrak daya beli masyarakat
-1,blt bbm ringankan beban rakyat kepulauan bangka belitung
1,dukung penyaluran blt bbm masyarakat
0,ardi blt jawa timur berjalan lancar
0,blt bbm lindungi rakyat gejolak harga global
0,blt bbm stabilkan daya beli masyarakat meningkatnya ekonomi masyarakat
0,blt bbm lindungi rakyat gejolak harga global
1,blt bbm tangan masyarakat jawa timur bawa kebahagiaan mantap dukung prog
0,blt bbm lindungi rakyat gejolak harga global
0,jawa timur terbantu blt sasaran mantap
1,dukung penyaluran blt bbm masyarakat
1,perintah presiden jokowi pembagian blt bbm cepat mudah sasaran
0,presiden jokowi serahkan langsung blt bbm bsu kantor pos
0,blt bbm salah penerapan subsidi sasaran
0,masyarakat apresiasi blt bbm pemerintah
-1,tingkat inflasi indonesia terjaga bukti kebijakan blt bbm berdampak ba
0,keputusan jokowi bagikan blt bbm
1,dukung pemerintah menyalurkan blt tukang becak ojol
1,perlindungan sosial blt sasaran
1,masyarakat jawa timur apresiasi dukung komitmen pemerintah pastikan da
1,warga jawa timur bersyukur bahagia terima blt bbm
0,mantap blt cair bantu masyarakat jawa timur
1,manfaatkan penggunaan blt bbm bijak
0,blt bbm dongkrak daya beli masyarakat
1,pemerintah berupaya perlindungan terbaik masyarakat
1,terima kasih warga jawa timur blt sasaran memba
1,ardi arek suroboyo jawa timur bahagia bersyukur blt
0,bansos
0,negara penduduknya sejahtera trus rumah hrs pake kompor liatrik pikir kehidupa
1,ayo bijak manfaatkan blt bbm
0,blt bbm sejahterakan rakyat
1,manfaatkan penggunaan blt bbm bijak
1,blt pemerintah perlindungan terbaik masyarakat
0,arek suroboyo jawa timur kawal penyaluran blt lancar
1,jokowi langsung membagibagikan penerima blt upah daerah
1,pemerintah bantuan sosial bansos bantuan langsung tunai blt subsidi upah menga
0,pembagian blt mudah sasaran dki jakarta
1,ardi blt bbm dukung pertumbuhan ekonomi jawa timur
0,terimakasih blt kepulauan bangka belitung
1,jokowi langsung membagibagikan penerima blt upah daerah
1,pemerintah bantuan sosial bansos bantuan langsung tunai blt subsidi upah menga
0,manfaatkan penggunaan blt bbm kepulauan bangka belitung
1,dukung kawal penyaluran blt dki jakarta
1,blt bbm sanagat bermanfaat dki jakarta
1,blt membantu masyarakat kepulauan bangka belitung
0,naiknya harga bbm ntar diganti blt blt blt masyarakat disoro
0,ardi blt jawa timur berjalan lancar
0,penyaluran blt bbm persen dki jakarta
0,masyarakat apresiasi blt rakyat dki jakarta
1,ayo bijak manfaatkan blt bbm
1,ayo bijak manfaatkan blt bbm
1,manfaatkan penggunaan blt bbm bijak
0,hore blt cair dki jakarta
1,dukung pemerintah percepat penyaluran blt dki jakarta
1,ardi blt bbm dukung pertumbuhan ekonomi jawa timur
1,bantuan blt bbm sasaran banten
0,blt bbm dongkrak daya beli masyarakat
1,jokowi langsung membagibagikan penerima blt upah daerah
1,pemerintah bantuan sosial bansos bantuan langsung tunai blt subsidi upah menga
0,blt jawa timur berjalan lancar
1,jokowi langsung membagibagikan penerima blt upah daerah
1,dukung pemerintah bantuan blt bbm sasaran banten
1,pemerintah bantuan sosial bansos bantuan langsung tunai blt subsidi upah menga
0,blt bbm bsu membantu masyarakat kalimantan utara masyarakat rentan
0,pembagian blt bbm merata masyarakat indonesia aceh hadir mendukung
0,pembagian blt bbm merata masyarakat indonesia aceh hadir mendukung
1,mantap blt cair semoga bermanfaat dki jakarta
1,blt bbm sanagat bermanfaat dki jakarta
1,blt meringankan beban masyarakat kalimantan utara berterima kasih
1,ayo bijak manfaatkan blt bbm banten
1,subsidi jawa timur berjalan sasaran berkat blt
0,blt bbm dongkrak daya beli masyarakat banten
0,blt angkat daya beli masyarakay sulawesi tenggara
0,penyaluran blt bbm persen dki jakarta
1,dukung kawal penyaluran blt dki jakarta
0,blt dongkrak daya beli masyarakat
1,manfaat penggunaan blt bbm bijak
1,ardi percepat penyaluran blt bbm masyarakat jawa timur bahagia
1,ayo bijak manfaatkan blt bbm
0,blt bbm dongkrak beli masyarakat gorontalo
1,asyik blt cair ojol oktober dki jakarta
0,masyarakat apresiasi blt rakyat dki jakarta
0,blt jawa timur berjalan lancar
0,mantap blt bbm dongkrak daya beli masyarakat
1,masyarakat bijak blt bbm blt bbm dongkrak daya beli
1,manfaat penggunaan blt bbm bijak gorontalo
1,menfaatkan penggunaan blt bbm bijak pembagian blt bsu mudah cepat sasaran
0,blt bbm mendongkrak daya beli masyarakat
0,blt bbm menjaga daya beli masyarakat senagai antisipasi penyesuaian harga bbm
0,blt bbm dongkrak daya beli masyarakat kalimantan
1,manfaatkan penggunaan blt bbm bijak kalimantan
0,pembagian blt mudah sasaran dki jakarta
1,dukung blt sasaran dki jakarta
1,ayo bijak manfaatkan blt bbm kalimantan
1,ayo bijak manfaatkan blt bbm gorontalo
0,blt bbm dongkrak daya beli masyarakat pasca penyesuaian harga bbm
0,blt bbm dongkrak daya beli masyarakat kalimantan
1,manfaatkan penggunaan blt bbm bijak kalimantan
1,ayo bijak manfaatkan blt bbm kalimantan
0,blt bbm warga pra sejahtera apresiasi sulawesi barat
0,jawa timur terbantu blt sasaran mantap
0,ardi masyarakat jawa timur dukung percepatan pembagian blt
1,arek jawa timur ber terima kasih pemerintah penyaluran blt
1,ayo bijak manfaatkan blt bbm sumatera utara
1,terima blt barisan drun kwkwkwkw
1,pemerintah melindungi rakyat blt sasaran maluku utara
1,masyarakat maluku utara senang menerima blt bbm maluku utara
0,pemerintah mempercepat penyaluran blt bbm masyarakat sumatera utara
1,ekonom jawa timur dukung blt sasaran bantu masyarakat
1,indonesia kuat rakyat daerah istimewa yogyakarta blt bbm yogyakarta
1,manfaatkan penggunaan blt bbm bijak maluku utara
0,blt bbm dongkrak daya beli masyarakat maluku utara
0,pemerintah mempercepat penyaluran blt bbm masyarakat sumatera utara
1,dukung blt bbm daerah istimewa yogyakarta blt bbm yogyakarta
1,ardi terimakasih jokowi blt bbm membantu masyarakat jawa timur berterima kasih
-1,seruuu iihh pembagian blt sasaran sumatera utara
1,jokowi langsung membagibagikan penerima blt upah daerah
1,indonesia hebat indonesia kuat daerah istimewa yogyakarta blt bbm yogyakarta
1,dukung blt pemerintah
1,pemerintah bantuan sosial bansos bantuan langsung tunai blt subsidi upah menga
1,blt bbm dongkrak daya beli daerah istimewa yogyakarta blt bbm yogyakarta
1,manfaat penggunaan blt bbm
1,blt bbm semoga manfaat masyarakat indonesia sumatera utara
1,masyarakat penerima blt bbm bijak bantuan disalurkan rakyat nusa tenggara tim
0,blt bbm dongkrak daya beli masyarakat
1,dukung bantuan langsung tunai pemerintah daerah istimewa yogyakarta blt bbm yogyakarta
0,jawa timur terbantu blt sasaran mantap
1,blt bbm bermanfaat masyarakat kepulauan bangka belitung
1,indonesia hebat daerah istimewa yogyakarta blt bbm yogyakarta
0,manfaatkan blt bbm
1,masyarakat jawa timur mendukung blt bbm sasaran
1,percepat pertumbuhan ekonomi daerah istimewa yogyakarta blt bbm yogyakarta
1,jokowi langsung membagibagikan penerima blt upah daerah
1,pemerintah bantuan sosial bansos bantuan langsung tunai blt subsidi upah menga
1,ayo bijak manfaatka blt bbm
1,pemerintah perlindungan terbaik masyarakat salah satunya bansos blt bbm bsu
0,presiden distribusikan langsung blt masyarakat kepulauan bangka belitung
1,blt bbm dongkrak daya beli masyarakat daerah istimewa yogyakarta blt bbm yogyakarta
-1,apresiasi inflasi akibat penyesuaian harga bbm rendah prediksi andil pemerin
0,blt bbm masyarakat kepulauan riau
1,warga jawa timur ucapkan terima kasih blt bbm
0,blt bbm masyarakat kepulauan riau
1,ardi terima kasih masyarakat jawa timur senang blt bbm
0,blt bbm masyarakat kepulauan riau
0,blt bbm masyarakat kepulauan riau
1,penyaluran blt bbm langkah pemerintah wujudkan penggunaan subsidi sasaran
1,terima kasih pemerintah pembagian bantuan blt bbm masyarakat kepulauan bangka belitung
0,blt bbm masyarakat kepulauan riau
1,penyaluran blt bbm langkah pemerintah wujudkan penggunaan subsidi sasaran
0,blt bbm masyarakat kepulauan riau
1,ekonom jawa timur dukung blt sasaran bantu masyarakat
0,blt bbm dongkrak daya beli masyarakat gorontalo
1,penyaluran blt bbm langkah pemerintah wujudkan penggunaan subsidi sasaran
0,blt bbm dipincarkan pemerintah kepulauan bangka belitung
0,blt bbm dongkrak daya beli masyarakat
1,bijak blt bbm
0,blt bbm jaga daya beli masyarakat kepulauan bangka belitung
1,jokowi langsung membagibagikan penerima blt upah daerah
1,blt bbm membantu masyarakat
1,bersatu dukung blt sasaran warga jawa timur dukung ber terima kasih
1,bantuan blt bbm sasaran banten
1,pemerintah bantuan sosial bansos bantuan langsung tunai blt subsidi upah menga
1,mantap dukung penyaluran blt bbm sasaran
0,blt bbm tahap cair
0,andalas kepulauan bangka belitung blt bbm dongkrak daya beli masyarakat
1,penyaluran blt bbm langkah pemerintah wujudkan penggunaan subsidi sasaran
0,blt bbm mendongkrak daya beli masyarakat kepulauan bangka belitung
0,penyaluran blt bbm masyarakat sejahtera
0,pemerintah salurkan blt antisipasi dampak kenaikan minyak dunia
0,kepulauan bangka belitung pemerintah berupaya maksimal salurkan blt bbm
0,manfaatkan penggunaan blt bbm banten
1,penyaluran blt bbm terbukti dampak positif kesejahteraan masyarakat
-1,ferdy perjuangan tp lo terdepan blthahahaha
1,blt sasaran bantu masyarakat jawa timur dukung positif
1,bantuan blt bbm sasaran banten
0,mantap pemerintah gencarkan blt bbm kepulauan bangka belitung
1,langkah pemerintah menyalurkan blt bbm terbukti efektif tingkatkan kesejahteraan masyarakat
-1,pembagian blt bbm sasaran
0,kepulauan bangka belitung manfaatkan penggunaan blt bbm
0,masyarakat sejahtera penyaluran blt bbm
0,penyaluran blt bbm masyarakat indonesia sejahtera
1,manfaatkan penggunaan blt bbm bijak
0,kepulauan bangka belitung penyaluran blt bbm
1,masyarakat berterima kasih pemerintah penyaluran blt bbm sejahterakan masyarakat
0,jawa timur terbantu blt sasaran mantap
1,manfaatkan blt bbm bijak kepulauan bangka belitung
0,blt bbm bentuk kepedulian pemerintah masyarakat kepulauan bangka belitung
1,kepulauan bangka belitung penyaluran blt bbm efektif bantu ekonomi masyarakat
1,blt bbm dampak positif masyarakat kepulauan bangka belitung
1,kepulauan bangka belitung blt bbm dampak positif masyarakat
0,masyarakat kalimantan kawal sukseskan blt bbm sasaran kalimantan
1,kalimantan dukung penuh blt bbm sasaran kalimantan
1,blt bbm bantu masyarakat jawa timur terima kasih jokowi
1,subsidi bbm blt sasaran sanbutan dai jawa timur duk
0,kepulauan bangka belitung pemerintah penyaluran blt bbm
1,blt bbm manfaat masyarakat kepulauan bangka belitung
0,kepulauan bangka belitung upaya pemerintah penyaluran blt bbm
0,bro lo nyonyor wajar lha kritisi pemerintah karna satunya
1,penyesuaian harga bbm kalimantan dukung blt bbm kalimantan
0,warga kalimantan terbantu blt pemerintah kalimantan
1,kalimantan dukung pemerintah salurkan blt bbm kalimantan
1,penyesuaian harga bbm kalimantan dukung blt bbm kalimantan
1,garda terdepat dukung penyaluran blt aceh hadir mendukung
1,bersatu dukung blt sasaran warga jawa timur dukung ber terima kasih
0,kepulauan bangka belitung pemerintah berupaya penyaluran blt bbm
1,jokowi langsung membagibagikan penerima blt upah daerah
1,pemerintah bantuan sosial bansos bantuan langsung tunai blt subsidi upah menga
1,jokowi langsung membagibagikan penerima blt upah daerah
1,pemerintah bantuan sosial bansos bantuan langsung tunai blt subsidi upah menga
0,blt bbm dongkrak daya beli masyarakat indonesia kepulauan bangka belitung
0,kepulauan bangka belitung penyaluran blt bbm bantu ekonomi masyarakat
1,rakyat berterima kasih pemerintah blt bbm
1,blt hamil balita cair buruan simak cek nama penerima
1,blt hamil balita cair buruan simak cek nama penerima
1,pemerintah blt bbm jambi mendukung penyesuaian harga bbm
1,rakyat berterima kasih pemerintah blt bbm
1,lurah manfaat penggunaan blt bbm bijak
0,kepulauan bangka belitung blt bbm dongkrak daya beli masyarakat
1,masyarakat jawa timur dukung sambut blt sasaran
1,blt bbm kebahagiaan rakyat
0,kepulauan bangka belitung manfaatkan penggunaan blt bbm
1,manfaat penggunaan blt bbm
1,penggunaan blt bbm kepentingan masyarakat kepulauan bangka belitung
0,lurah blt bbm dongkrak daya beli masyarakat
0,blt bbm dongkrak daya beli masyarakat
1,blt bbm sasaran aceh hadir mendukung
0,kepulauan bangka belitung penyaluran blt bbm
1,dukung pemerintah blt bbm membantu masyarakat
1,blt bbm membantu masyarakat indonesia kepulauan bangka belitung
1,terima kasih warga jawa timur blt sasaran membantu rakyat
0,pemerintah berupaya sejahterakan rakyat blt bbm
1,blt bbm sejahterakan rakyat terima kasih presiden jokowi
1,papua barat bijak manfaatkan blt bbm blt bbm blt bbm bantu masyarakat
0,blt sasaran
1,penyaluran blt bbm membantu masyarakat
